customer_id,gender,age,country,signup_date,last_purchase_date,recency_days,frequency,monetary_value,preferred_category,acquisition_channel,email_open_rate,churn_risk_score
CUST_10000,Female,,Kenya,2023-09-08,2024-04-23,373,3.0,179.34,Makeup,Email,0.22,1.0
CUST_10001,Female,,UK,2023-08-27,2025-01-25,96,3.0,355.02,Makeup,Email,0.1,0.25
CUST_10002,,32.0,USA,2023-06-13,2024-08-18,256,2.0,50.52,Bodycare,Email,0.2,0.9
CUST_10003,Female,21.0,Kenya,2024-09-10,2024-11-16,166,2.0,61.06,Makeup,Email,0.41,0.74
CUST_10004,Female,30.0,Nigeria,2024-01-06,2024-10-27,186,4.0,156.89,Haircare,Organic Search,0.35,0.64
CUST_10005,Male,38.0,Canada,2023-10-12,2025-01-18,103,0.0,304.42,Bodycare,Social Media,0.42,0.42
CUST_10006,Female,35.0,UK,2024-06-30,2024-11-02,180,2.0,392.39,Makeup,Social Media,0.26,0.73
CUST_10007,Female,25.0,USA,2023-11-20,2025-01-03,118,6.0,50.89,Makeup,Social Media,0.49,0.37
CUST_10008,Male,23.0,Canada,2024-10-20,2025-02-14,76,10.0,131.9,Makeup,Referral,0.36,0.41
CUST_10009,M,29.0,Canada,2024-01-06,2024-04-27,369,2.0,278.69,Wellness,Organic Search,0.33,1.0
CUST_10010,Female,16.0,UK,2024-11-27,2025-03-15,47,1.0,195.92,Makeup,Referral,0.17,0.27
CUST_10011,F,27.0,USA,2024-11-27,2024-12-26,126,5.0,99.72,Bodycare,Social Media,0.58,0.55
CUST_10012,Female,22.0,UK,2024-04-09,2024-04-10,386,2.0,124.47,Bodycare,Paid Ads,0.07,1.0
CUST_10013,,47.0,Kenya,2024-10-16,2025-02-22,68,3.0,354.36,Haircare,Referral,0.21,0.4
CUST_10014,Female,17.0,Canada,2023-01-20,2023-05-14,718,6.0,446.99,Bodycare,Paid Ads,0.23,1.0
CUST_10015,,19.0,USA,2024-05-12,2024-06-16,319,4.0,438.54,Haircare,Email,0.11,1.0
CUST_10016,,18.0,Nigeria,2024-09-13,2024-12-30,122,7.0,102.68,Haircare,Email,0.46,0.43
CUST_10017,F,36.0,Nigeria,2024-04-07,2024-06-07,328,4.0,181.38,Skincare,Paid Ads,0.43,1.0
CUST_10018,,27.0,USA,2024-12-25,2025-01-09,112,5.0,364.17,Bodycare,Paid Ads,0.42,0.41
CUST_10019,F,45.0,UK,2024-07-06,2024-09-11,232,9.0,238.19,Makeup,Email,0.27,0.75
CUST_10020,M,55.0,USA,2024-11-05,2025-02-23,67,2.0,27.78,Skincare,Organic Search,0.13,0.31
CUST_10021,Female,38.0,Kenya,2023-04-22,2024-01-01,486,2.0,845.35,Haircare,Social Media,0.53,1.0
CUST_10022,M,25.0,USA,2024-03-29,2025-01-04,117,2.0,363.26,Makeup,Organic Search,0.26,0.47
CUST_10023,Male,25.0,Canada,2024-05-07,2024-08-24,250,7.0,44.88,Haircare,Email,0.16,0.96
CUST_10024,F,31.0,Canada,2023-10-20,2024-12-26,126,3.0,87.52,Makeup,Email,0.19,0.66
CUST_10025,Male,32.0,UK,2023-03-01,2024-10-14,199,2.0,170.25,Bodycare,Referral,0.51,0.87
CUST_10026,M,53.0,Nigeria,2023-06-11,2023-08-08,632,5.0,24.4,Haircare,Organic Search,0.18,1.0
CUST_10027,Male,28.0,Nigeria,2023-09-10,2025-04-24,7,6.0,339.54,Wellness,Referral,0.24,0.16
CUST_10028,,47.0,Kenya,2023-07-29,2024-06-14,321,5.0,139.34,Bodycare,Organic Search,0.33,1.0
CUST_10029,Female,52.0,Nigeria,2023-04-13,2023-06-27,674,6.0,110.06,Haircare,Organic Search,0.29,1.0
CUST_10030,Male,36.0,UK,2024-03-24,2024-12-27,125,2.0,124.76,makeup,Referral,0.18,0.4
CUST_10031,F,17.0,USA,2023-05-18,2024-02-12,444,5.0,252.14,Makeup,Social Media,0.49,1.0
CUST_10032,,25.0,Kenya,2023-07-28,2024-04-23,373,1.0,192.63,Skincare,Email,0.22,1.0
CUST_10033,F,,Kenya,2023-05-14,2025-02-24,66,2.0,210.99,Wellness,Email,0.36,0.39
CUST_10034,,,USA,2024-12-08,2025-01-15,106,4.0,388.46,Makeup,Email,0.67,0.28
CUST_10035,Male,,Kenya,2023-02-10,2024-02-11,445,5.0,386.33,Skincare,Referral,0.3,1.0
CUST_10036,M,31.0,UK,2023-08-31,2024-02-13,443,8.0,159.39,wellness,Social Media,0.25,1.0
CUST_10037,M,35.0,UK,2023-10-01,2024-03-12,415,4.0,219.22,Skincare,Paid Ads,0.54,1.0
CUST_10038,Male,34.0,Canada,2023-12-25,2024-05-29,337,7.0,714.4,haircare,Paid Ads,0.24,1.0
CUST_10039,M,16.0,USA,2023-10-13,2024-10-06,207,6.0,393.85,Makeup,Organic Search,0.31,0.85
CUST_10040,Female,35.0,Kenya,2023-07-02,2025-02-15,75,4.0,194.98,Skincare,Social Media,0.43,0.4
CUST_10041,F,41.0,Nigeria,2023-04-29,2024-05-27,339,3.0,128.59,Skincare,Organic Search,0.16,1.0
CUST_10042,,32.0,Nigeria,2024-12-04,2025-01-23,98,3.0,13.84,Bodycare,Organic Search,0.27,0.42
CUST_10043,F,26.0,Canada,2023-12-01,2025-01-16,105,5.0,303.28,Haircare,Email,0.32,0.39
CUST_10044,Male,23.0,Kenya,2024-02-20,2024-11-26,156,1.0,90.05,Haircare,Referral,0.26,0.8
CUST_10045,,40.0,Canada,2024-03-28,2024-11-09,173,4.0,139.22,Haircare,Social Media,0.36,0.54
CUST_10046,,18.0,Nigeria,2023-12-10,2024-01-26,461,1.0,300.51,Bodycare,Paid Ads,0.24,1.0
CUST_10047,Male,,UK,2024-05-01,2025-03-09,53,6.0,288.07,Wellness,Referral,0.27,0.4
CUST_10048,Male,26.0,Canada,2024-05-21,2024-12-11,141,3.0,81.46,Skincare,Organic Search,0.58,0.52
CUST_10049,M,32.0,Nigeria,2024-04-20,2024-05-15,351,2.0,120.49,Skincare,Email,0.47,1.0
CUST_10050,,37.0,Nigeria,2023-11-21,2025-02-16,74,5.0,170.16,Makeup,Referral,0.21,0.34
CUST_10051,M,37.0,Canada,2024-04-05,2024-08-15,259,3.0,261.26,Bodycare,Referral,0.14,1.0
CUST_10052,M,23.0,Kenya,2024-03-26,2024-05-04,362,6.0,47.26,Bodycare,Referral,0.37,1.0
CUST_10053,Female,27.0,UK,2024-01-28,2025-01-17,104,3.0,269.31,Wellness,Referral,0.3,0.46
CUST_10054,M,22.0,UK,2024-03-06,2024-09-21,222,4.0,500.7,Skincare,Referral,0.55,0.76
CUST_10055,M,16.0,Kenya,2023-11-02,2024-12-05,147,5.0,532.82,Wellness,Referral,0.46,0.63
CUST_10056,,20.0,Canada,2023-08-13,2024-05-18,348,6.0,208.76,Bodycare,Email,0.45,1.0
CUST_10057,Male,40.0,UK,2024-09-29,2025-02-12,78,,12.88,Makeup,Organic Search,0.25,0.39
CUST_10058,M,38.0,Canada,2023-07-06,2023-08-26,614,2.0,80.18,Wellness,Email,0.44,1.0
CUST_10059,F,57.0,Canada,2023-09-16,2023-12-08,510,2.0,209.32,Skincare,Social Media,0.22,1.0
CUST_10060,Male,33.0,USA,2023-02-01,2023-10-12,567,5.0,151.47,Haircare,Email,0.35,1.0
CUST_10061,Female,28.0,UK,2024-04-21,2025-04-14,17,3.0,189.41,Makeup,Organic Search,0.51,0.19
CUST_10062,Male,36.0,USA,2024-08-15,2024-08-28,246,2.0,354.43,Wellness,Paid Ads,0.07,0.77
CUST_10063,Female,37.0,UK,2023-04-15,2025-03-28,34,0.0,155.78,Makeup,Referral,0.46,0.24
CUST_10064,Female,42.0,Canada,2024-11-08,2025-02-10,80,3.0,59.99,Skincare,Email,0.5,0.41
CUST_10065,Female,41.0,Kenya,2024-10-12,2025-02-06,84,2.0,195.24,Makeup,Social Media,0.5,0.3
CUST_10066,,33.0,Nigeria,2024-05-10,2025-01-03,118,1.0,38.87,Bodycare,Paid Ads,0.4,0.58
CUST_10067,Female,34.0,Canada,2023-09-07,2024-12-25,127,5.0,394.13,bodycare,Social Media,0.2,0.4
CUST_10068,Male,24.0,Kenya,2023-09-22,2024-09-04,239,5.0,215.13,Bodycare,Referral,0.24,0.7
CUST_10069,Male,57.0,Canada,2024-05-15,2025-02-23,67,3.0,185.48,Wellness,Organic Search,0.56,0.43
CUST_10070,Female,37.0,Canada,2024-12-09,2025-02-09,81,4.0,188.69,Wellness,Social Media,0.32,0.48
CUST_10071,M,44.0,Nigeria,2023-12-05,2024-11-29,153,6.0,413.81,Bodycare,Paid Ads,0.37,0.66
CUST_10072,F,29.0,Nigeria,2024-12-07,2025-01-23,98,7.0,51.74,Bodycare,Referral,0.47,0.6
CUST_10073,,30.0,USA,2023-07-18,2024-05-16,350,6.0,139.32,Skincare,Paid Ads,0.19,1.0
CUST_10074,F,,USA,2024-07-20,2024-12-16,136,8.0,156.98,Wellness,Organic Search,0.34,0.45
CUST_10075,,41.0,Canada,2024-03-27,2024-09-17,226,5.0,168.65,Wellness,Organic Search,0.29,0.77
CUST_10076,M,26.0,Nigeria,2024-10-06,2025-03-30,32,3.0,147.55,Makeup,Organic Search,0.09,0.25
CUST_10077,Male,34.0,Canada,2024-09-12,2025-02-11,79,4.0,45.09,Makeup,Email,0.28,0.4
CUST_10078,F,24.0,Canada,2023-11-09,2024-01-09,478,4.0,328.09,Haircare,Social Media,0.58,1.0
CUST_10079,Female,27.0,UK,2024-07-19,2024-08-26,248,10.0,409.29,Makeup,Organic Search,0.4,0.86
CUST_10080,Male,33.0,Kenya,2024-12-20,2025-04-15,16,5.0,231.09,Bodycare,Referral,0.22,0.46
CUST_10081,Male,34.0,Nigeria,2023-08-19,2024-01-18,469,5.0,144.04,Skincare,Social Media,0.18,1.0
CUST_10082,,24.0,Nigeria,2023-10-23,2025-01-14,107,2.0,262.43,Wellness,Referral,0.2,0.29
CUST_10083,,26.0,USA,2024-09-04,2024-09-14,229,4.0,655.9,Makeup,Organic Search,0.09,0.7
CUST_10084,Male,40.0,Nigeria,2024-08-24,2025-04-24,7,,110.82,Bodycare,Paid Ads,0.2,0.09
CUST_10085,M,46.0,Canada,2023-10-12,2024-04-14,382,9.0,232.02,Wellness,Email,0.45,1.0
CUST_10086,F,24.0,Kenya,2024-11-17,2024-12-13,139,4.0,197.79,Wellness,Email,0.3,0.68
CUST_10087,,,USA,2023-11-19,2024-08-03,271,3.0,161.92,Wellness,Organic Search,0.09,0.94
CUST_10088,,29.0,USA,2023-07-12,2024-12-23,129,2.0,204.19,Wellness,Paid Ads,0.14,0.5
CUST_10089,F,37.0,Kenya,2024-03-24,2025-03-16,46,1.0,504.55,Makeup,Paid Ads,0.4,0.26
CUST_10090,F,35.0,Nigeria,2024-02-22,2024-04-09,387,3.0,325.23,Skincare,Organic Search,0.44,1.0
CUST_10091,Male,33.0,Kenya,2024-06-05,2024-10-22,191,1.0,115.1,Wellness,Referral,0.16,0.67
CUST_10092,Male,61.0,Nigeria,2024-06-04,2024-08-12,262,6.0,185.4,Wellness,Referral,0.44,0.73
CUST_10093,F,22.0,Kenya,2023-11-02,2025-03-17,45,2.0,236.83,Wellness,Referral,0.32,0.32
CUST_10094,,16.0,Kenya,2023-07-13,2024-03-13,414,6.0,123.74,wellness,Email,0.34,1.0
CUST_10095,M,42.0,UK,2024-05-22,2024-06-09,326,3.0,263.77,Bodycare,Email,0.17,1.0
CUST_10096,Female,31.0,Canada,2023-01-16,2025-01-24,97,1.0,283.38,Haircare,Social Media,0.25,0.33
CUST_10097,F,28.0,Canada,2024-10-27,2024-11-16,166,2.0,150.63,Makeup,Social Media,0.28,0.63
CUST_10098,M,30.0,USA,2024-09-24,2024-10-11,202,1.0,335.23,Bodycare,Organic Search,0.21,0.75
CUST_10099,M,26.0,USA,2024-03-30,2024-06-23,312,3.0,201.44,Skincare,Organic Search,0.37,1.0
CUST_10100,F,30.0,Canada,2023-05-30,2024-02-04,452,1.0,425.49,Haircare,Organic Search,0.16,1.0
CUST_10101,,37.0,Nigeria,2024-11-30,2025-01-30,91,7.0,88.91,Haircare,Social Media,0.31,0.61
CUST_10102,M,20.0,USA,2024-04-21,2024-09-15,228,3.0,190.23,Wellness,Referral,0.19,0.87
CUST_10103,F,16.0,Canada,2024-12-07,2025-02-09,81,6.0,87.42,Wellness,Organic Search,0.21,0.27
CUST_10104,Male,28.0,Kenya,2024-08-11,2025-01-09,112,2.0,577.47,Wellness,Referral,0.32,0.47
CUST_10105,Female,27.0,Canada,2023-10-21,2024-06-12,323,4.0,196.93,Haircare,Paid Ads,0.31,1.0
CUST_10106,Female,35.0,USA,2023-11-13,2025-02-06,84,4.0,35.67,Haircare,Social Media,0.23,0.57
CUST_10107,F,47.0,UK,2023-07-25,2023-12-07,511,2.0,345.26,Bodycare,Social Media,0.11,1.0
CUST_10108,Male,22.0,Canada,2023-10-30,2024-10-10,203,5.0,282.39,Skincare,Paid Ads,0.31,0.8
CUST_10109,M,17.0,Nigeria,2024-01-10,2024-02-25,431,5.0,3059.6,Makeup,Social Media,0.63,1.0
CUST_10110,F,19.0,Kenya,2023-04-21,2025-03-12,50,4.0,206.86,Makeup,Referral,0.29,0.2
CUST_10111,Male,35.0,Canada,2024-12-18,2025-03-05,57,3.0,199.68,Skincare,Social Media,0.22,0.3
CUST_10112,M,21.0,UK,2024-07-04,2024-09-11,232,2.0,103.95,Makeup,Paid Ads,0.19,0.85
CUST_10113,M,16.0,Canada,2024-09-22,2025-01-04,117,7.0,263.73,Bodycare,Email,0.1,0.68
CUST_10114,Male,28.0,USA,2024-12-03,2025-03-07,55,5.0,211.52,Bodycare,Social Media,0.47,0.37
CUST_10115,Male,33.0,Canada,2023-04-04,2025-02-10,80,3.0,177.3,Skincare,Social Media,0.18,0.33
CUST_10116,Male,16.0,Nigeria,2023-07-30,2023-10-08,571,7.0,139.46,Makeup,Paid Ads,0.38,1.0
CUST_10117,F,30.0,Nigeria,2023-01-03,2023-10-13,566,6.0,104.28,Haircare,Paid Ads,0.2,1.0
CUST_10118,Female,18.0,USA,2023-05-15,2023-05-30,702,3.0,208.91,Makeup,Paid Ads,0.34,1.0
CUST_10119,F,34.0,Canada,2024-06-22,2024-08-19,255,3.0,100.56,Bodycare,Organic Search,0.22,0.86
CUST_10120,M,26.0,Nigeria,2023-02-14,2025-02-27,63,2.0,142.85,Makeup,Organic Search,0.34,0.22
CUST_10121,Female,41.0,Canada,2024-03-12,2025-02-26,64,3.0,180.74,Wellness,Organic Search,0.3,0.34
CUST_10122,F,26.0,USA,2023-05-10,2024-02-15,441,1.0,217.34,Bodycare,Referral,0.17,1.0
CUST_10123,,43.0,Nigeria,2024-09-11,2024-12-30,122,2.0,176.43,Makeup,Paid Ads,0.13,0.68
CUST_10124,M,29.0,UK,2024-02-28,2024-08-19,255,6.0,186.62,Skincare,Social Media,0.37,0.98
CUST_10125,F,32.0,UK,2024-12-04,2025-04-04,27,4.0,104.51,Skincare,Social Media,0.2,0.14
CUST_10126,Male,22.0,Nigeria,2024-07-29,2025-01-13,108,4.0,247.04,Wellness,Organic Search,0.13,0.63
CUST_10127,F,28.0,Kenya,2023-04-17,2024-11-28,154,4.0,163.6,Wellness,Organic Search,0.12,0.77
CUST_10128,F,37.0,Kenya,2023-04-28,2024-02-07,449,5.0,77.88,Makeup,Referral,0.05,1.0
CUST_10129,,18.0,Nigeria,2023-01-27,2024-10-11,202,10.0,377.4,bodycare,Social Media,0.31,0.74
CUST_10130,F,31.0,Kenya,2023-01-07,2023-07-11,660,7.0,26.47,Wellness,Organic Search,0.25,1.0
CUST_10131,Female,30.0,UK,2024-01-21,2024-08-22,252,0.0,63.97,Bodycare,Referral,0.32,1.0
CUST_10132,,35.0,USA,2023-06-09,2023-11-17,531,4.0,48.98,Skincare,Email,0.16,1.0
CUST_10133,M,34.0,Canada,2023-10-07,2024-05-14,352,3.0,382.06,Wellness,Referral,0.51,1.0
CUST_10134,M,29.0,Kenya,2023-02-16,2023-09-29,580,3.0,573.99,Skincare,Paid Ads,0.41,1.0
CUST_10135,Male,30.0,Kenya,2023-12-02,2024-04-02,394,,137.68,Haircare,Referral,0.15,1.0
CUST_10136,Male,37.0,Kenya,2023-03-15,2024-04-24,372,4.0,147.7,Skincare,Organic Search,0.49,1.0
CUST_10137,F,26.0,Nigeria,2024-02-19,2025-02-16,74,4.0,344.9,wellness,Social Media,0.18,0.29
CUST_10138,Male,31.0,Nigeria,2024-04-16,2025-04-04,27,3.0,374.38,Skincare,Referral,0.34,0.22
CUST_10139,M,30.0,Canada,2023-11-14,2024-10-26,187,3.0,170.08,Skincare,Organic Search,0.13,0.66
CUST_10140,,31.0,Kenya,2023-12-26,2025-01-01,120,2.0,10.47,Haircare,Paid Ads,0.39,0.58
CUST_10141,F,30.0,Nigeria,2023-06-06,2025-04-07,24,5.0,120.26,Wellness,Referral,0.34,0.19
CUST_10142,,23.0,Nigeria,2024-10-20,2025-03-31,31,5.0,228.6,Bodycare,Organic Search,0.31,0.0
CUST_10143,M,27.0,Kenya,2023-10-09,2023-12-05,513,3.0,700.95,Wellness,Organic Search,0.15,1.0
CUST_10144,F,24.0,USA,2024-10-22,2024-11-14,168,4.0,149.19,Wellness,Organic Search,0.35,0.59
CUST_10145,M,30.0,Nigeria,2024-10-29,2024-12-16,136,4.0,218.07,Haircare,Email,0.04,0.68
CUST_10146,Female,39.0,Kenya,2023-03-28,2024-08-25,249,4.0,171.73,Wellness,Referral,0.19,0.83
CUST_10147,,26.0,Kenya,2024-01-17,2025-04-30,1,5.0,231.16,Bodycare,Organic Search,0.28,0.2
CUST_10148,F,21.0,USA,2024-07-25,2025-02-07,83,3.0,273.96,Makeup,Social Media,0.5,0.35
CUST_10149,Female,37.0,UK,2023-12-25,2024-05-31,335,7.0,186.21,Wellness,Organic Search,0.02,1.0
CUST_10150,F,29.0,Kenya,2023-05-11,2025-03-27,35,3.0,148.38,Makeup,Email,0.05,0.3
CUST_10151,,33.0,Kenya,2023-11-13,2024-05-15,351,4.0,247.18,Wellness,Paid Ads,0.17,1.0
CUST_10152,Male,16.0,USA,2024-06-03,2025-03-06,56,1.0,220.14,Skincare,Referral,0.32,0.42
CUST_10153,Male,43.0,UK,2023-06-16,2023-12-18,500,4.0,35.09,Haircare,Organic Search,0.02,1.0
CUST_10154,M,26.0,UK,2024-03-30,2025-02-05,85,8.0,186.3,Wellness,Paid Ads,0.09,0.47
CUST_10155,F,50.0,Canada,2023-07-18,2024-07-28,277,2.0,27.04,Wellness,Social Media,0.15,0.87
CUST_10156,M,41.0,Canada,2023-06-15,2024-01-05,482,2.0,599.29,Bodycare,Email,0.19,1.0
CUST_10157,F,34.0,USA,2024-12-29,2025-04-16,15,6.0,30.22,Skincare,Social Media,0.12,0.26
CUST_10158,M,48.0,UK,2024-03-23,2024-05-08,358,4.0,480.69,Wellness,Organic Search,0.23,1.0
CUST_10159,M,30.0,Nigeria,2024-01-18,2024-05-17,349,2.0,172.78,haircare,Organic Search,0.49,1.0
CUST_10160,F,25.0,UK,2023-02-09,2023-11-29,519,1.0,419.44,Haircare,Email,0.16,1.0
CUST_10161,M,34.0,USA,2023-01-20,2023-10-09,570,3.0,104.66,Makeup,Organic Search,0.26,1.0
CUST_10162,F,30.0,USA,2023-02-18,2023-10-20,559,6.0,134.11,Wellness,Email,0.17,1.0
CUST_10163,,23.0,Nigeria,2024-08-11,2024-12-12,140,3.0,15.86,Skincare,Paid Ads,0.29,0.47
CUST_10164,,46.0,USA,2024-06-20,2024-12-21,131,1.0,331.0,Makeup,Referral,0.36,0.6
CUST_10165,,,Canada,2023-02-14,2024-11-25,157,1.0,105.38,Skincare,Organic Search,0.47,0.65
CUST_10166,F,21.0,USA,2024-08-18,2025-02-04,86,7.0,398.5,Bodycare,Paid Ads,0.15,0.46
CUST_10167,M,16.0,Canada,2024-10-08,2024-11-23,159,6.0,110.69,wellness,Paid Ads,0.16,0.49
CUST_10168,Female,44.0,USA,2023-11-20,2024-10-02,211,2.0,389.8,Makeup,Organic Search,0.51,0.81
CUST_10169,Male,31.0,USA,2024-11-02,2025-01-25,96,1.0,69.76,Wellness,Email,0.21,0.44
CUST_10170,M,47.0,UK,2024-05-23,2025-02-01,89,4.0,239.46,Bodycare,Email,0.6,0.3
CUST_10171,Female,20.0,UK,2024-07-12,2024-12-09,143,6.0,222.97,Bodycare,Referral,0.28,0.39
CUST_10172,M,39.0,Canada,2023-12-26,2024-08-10,264,4.0,248.71,Bodycare,Email,0.45,0.8
CUST_10173,F,58.0,USA,2023-03-18,2025-02-02,88,6.0,45.83,Haircare,Paid Ads,0.34,0.48
CUST_10174,,31.0,Canada,2023-02-05,2023-06-14,687,5.0,121.19,Bodycare,Referral,0.36,1.0
CUST_10175,Female,43.0,Canada,2024-01-15,2024-07-23,282,4.0,152.22,Haircare,Email,0.46,0.96
CUST_10176,F,42.0,UK,2023-04-27,2023-05-23,709,3.0,682.2,Wellness,Organic Search,0.26,1.0
CUST_10177,F,25.0,Canada,2023-08-08,2025-04-25,6,2.0,386.98,Wellness,Paid Ads,0.27,0.27
CUST_10178,Female,36.0,Canada,2023-03-31,2025-02-26,64,5.0,121.39,Bodycare,Referral,0.31,0.3
CUST_10179,,28.0,Kenya,2023-06-11,2025-03-25,37,5.0,200.19,Haircare,Paid Ads,0.29,0.23
CUST_10180,Male,40.0,Canada,2023-01-27,2024-01-31,456,5.0,117.43,Makeup,Organic Search,0.25,1.0
CUST_10181,Female,33.0,Canada,2024-06-22,2025-01-18,103,3.0,352.91,Skincare,Social Media,0.09,0.76
CUST_10182,Female,24.0,Nigeria,2023-12-19,2024-02-22,434,3.0,371.97,Makeup,Paid Ads,0.1,1.0
CUST_10183,M,33.0,USA,2023-05-08,2024-10-19,194,1.0,356.99,Bodycare,Paid Ads,0.25,0.65
CUST_10184,F,42.0,Nigeria,2023-10-18,2024-01-06,481,5.0,113.79,Makeup,Social Media,0.02,1.0
CUST_10185,,44.0,Nigeria,2024-10-18,2024-11-30,152,5.0,311.37,Haircare,Referral,0.45,0.68
CUST_10186,F,17.0,Nigeria,2023-02-12,2023-03-13,780,2.0,169.27,Makeup,Paid Ads,0.49,1.0
CUST_10187,,53.0,USA,2024-05-24,2025-04-10,21,5.0,469.57,Bodycare,Email,0.25,0.18
CUST_10188,F,28.0,USA,2023-06-11,2024-09-03,240,2.0,308.75,Bodycare,Social Media,0.44,0.83
CUST_10189,F,22.0,Kenya,2024-02-13,2024-04-19,377,4.0,295.47,Skincare,Email,0.18,1.0
CUST_10190,Female,36.0,UK,2023-05-25,2023-09-01,608,1.0,203.05,Makeup,Paid Ads,0.21,1.0
CUST_10191,F,24.0,Kenya,2023-07-14,2023-12-24,494,3.0,395.59,Wellness,Email,0.07,1.0
CUST_10192,Female,16.0,Canada,2024-06-01,2025-01-21,100,1.0,97.15,bodycare,Social Media,0.52,0.53
CUST_10193,M,32.0,Canada,2023-10-20,2025-04-21,10,,147.32,Haircare,Social Media,0.33,0.25
CUST_10194,M,19.0,Canada,2023-02-22,2024-09-27,216,4.0,557.63,Bodycare,Referral,0.26,0.68
CUST_10195,M,30.0,Kenya,2024-09-30,2025-03-23,39,5.0,360.75,Skincare,Social Media,0.22,0.3
CUST_10196,,17.0,UK,2023-07-23,2025-03-30,32,5.0,161.47,skincare,Social Media,0.24,0.22
CUST_10197,M,33.0,UK,2024-09-12,2025-04-28,3,10.0,629.98,Makeup,Email,0.33,0.26
CUST_10198,,31.0,Kenya,2024-08-30,2024-11-24,158,0.0,552.78,Wellness,Social Media,0.38,0.56
CUST_10199,M,21.0,Kenya,2023-12-06,2024-03-27,400,4.0,733.51,Skincare,Social Media,0.17,1.0
CUST_10200,,18.0,USA,2024-08-20,2024-12-20,132,7.0,40.25,Makeup,Email,0.08,0.56
CUST_10201,Male,22.0,UK,2023-02-02,2024-09-10,233,1.0,143.34,Skincare,Email,0.21,0.68
CUST_10202,Male,23.0,UK,2024-02-25,2024-11-07,175,8.0,388.12,Skincare,Referral,0.27,0.68
CUST_10203,Male,39.0,Canada,2024-06-22,2024-12-31,121,7.0,217.44,Makeup,Social Media,0.35,0.28
CUST_10204,F,21.0,UK,2023-09-10,2024-06-21,314,1.0,74.54,Bodycare,Paid Ads,0.36,0.95
CUST_10205,M,20.0,Kenya,2024-07-27,2024-12-14,138,8.0,608.44,Makeup,Email,0.51,0.63
CUST_10206,F,37.0,UK,2023-10-25,2023-12-07,511,1.0,216.76,Bodycare,Social Media,0.55,1.0
CUST_10207,M,63.0,Nigeria,2023-10-05,2024-07-09,296,10.0,127.93,Makeup,Organic Search,0.25,1.0
CUST_10208,,31.0,UK,2023-02-23,2023-06-05,696,4.0,322.52,Skincare,Paid Ads,0.09,1.0
CUST_10209,Female,32.0,UK,2024-02-21,2025-01-20,101,3.0,286.32,Wellness,Social Media,0.22,0.39
CUST_10210,F,35.0,USA,2023-04-02,2025-01-28,93,6.0,353.53,Skincare,Paid Ads,0.34,0.58
CUST_10211,M,16.0,UK,2023-02-07,2024-03-19,408,3.0,109.6,Bodycare,Organic Search,0.46,1.0
CUST_10212,F,33.0,USA,2023-12-10,2024-05-03,363,5.0,288.24,Makeup,Paid Ads,0.36,1.0
CUST_10213,,32.0,UK,2023-04-26,2024-03-29,398,5.0,72.75,Bodycare,Organic Search,0.15,1.0
CUST_10214,F,34.0,Nigeria,2024-11-21,2025-01-09,112,2.0,210.94,Wellness,Referral,0.2,0.38
CUST_10215,F,40.0,USA,2023-07-09,2023-11-29,519,0.0,446.78,Skincare,Paid Ads,0.35,1.0
CUST_10216,M,37.0,Kenya,2023-11-06,2023-11-17,531,5.0,257.54,Haircare,Organic Search,0.39,1.0
CUST_10217,M,36.0,Canada,2024-12-03,2025-04-10,21,3.0,93.75,Bodycare,Social Media,0.43,0.21
CUST_10218,F,49.0,UK,2023-05-17,2024-09-17,226,3.0,499.43,Makeup,Referral,0.27,0.75
CUST_10219,M,23.0,UK,2023-09-11,2023-12-03,515,1.0,597.49,Bodycare,Referral,0.19,1.0
CUST_10220,Female,32.0,Nigeria,2024-06-01,2024-09-12,231,5.0,338.53,Bodycare,Email,0.22,0.91
CUST_10221,Female,29.0,Nigeria,2024-05-15,2024-06-30,305,6.0,694.72,Skincare,Referral,0.19,1.0
CUST_10222,M,25.0,USA,2024-07-26,2025-03-19,43,4.0,200.63,Skincare,Organic Search,0.2,0.37
CUST_10223,Male,21.0,USA,2024-03-09,2024-09-01,242,4.0,74.59,Skincare,Organic Search,0.26,0.73
CUST_10224,M,,Canada,2023-07-04,2023-11-19,529,7.0,399.72,Wellness,Email,0.12,1.0
CUST_10225,M,36.0,Canada,2024-01-20,2024-03-01,426,6.0,78.52,Makeup,Social Media,0.36,1.0
CUST_10226,Female,24.0,Nigeria,2024-02-07,2024-11-03,179,2.0,61.52,Skincare,Social Media,0.11,0.79
CUST_10227,M,52.0,Nigeria,2024-03-10,2024-12-07,145,5.0,200.52,Wellness,Social Media,0.12,0.51
CUST_10228,Male,27.0,USA,2023-02-02,2024-12-09,143,4.0,5.78,Skincare,Organic Search,0.31,0.52
CUST_10229,Female,46.0,Canada,2024-09-04,2025-02-23,67,1.0,397.59,Skincare,Paid Ads,0.44,0.17
CUST_10230,,30.0,USA,2023-05-24,2024-10-20,193,6.0,459.48,Makeup,Referral,0.14,0.5
CUST_10231,F,33.0,UK,2024-11-07,2025-03-20,42,3.0,125.21,Skincare,Referral,0.04,0.25
CUST_10232,Male,30.0,Canada,2024-07-23,2025-04-02,29,5.0,318.86,Wellness,Social Media,0.09,0.35
CUST_10233,M,45.0,Kenya,2024-01-21,2024-04-24,372,5.0,271.36,Haircare,Paid Ads,0.24,1.0
CUST_10234,M,35.0,Nigeria,2024-02-27,2024-09-27,216,6.0,82.68,Haircare,Social Media,0.5,0.72
CUST_10235,Female,32.0,Kenya,2023-04-05,2024-10-04,209,1.0,374.87,Bodycare,Referral,0.49,0.87
CUST_10236,,,USA,2023-07-12,2025-03-04,58,4.0,307.52,Wellness,Social Media,0.1,0.24
CUST_10237,F,39.0,USA,2023-08-05,2024-02-15,441,1.0,342.25,Wellness,Referral,0.3,1.0
CUST_10238,Male,16.0,UK,2024-07-19,2024-12-30,122,2.0,322.95,Makeup,Social Media,0.26,0.6
CUST_10239,F,39.0,Canada,2024-04-22,2024-06-11,324,3.0,310.68,Bodycare,Social Media,0.52,0.97
CUST_10240,F,38.0,Nigeria,2023-08-15,2024-01-11,476,,312.68,Makeup,Email,0.42,1.0
CUST_10241,F,41.0,Kenya,2023-08-24,2024-09-15,228,7.0,255.71,Makeup,Social Media,0.26,0.91
CUST_10242,F,31.0,Canada,2024-10-19,2025-04-26,5,5.0,114.93,Bodycare,Referral,0.29,0.34
CUST_10243,M,48.0,Nigeria,2024-10-19,2024-11-03,179,5.0,550.31,Skincare,Organic Search,0.39,0.75
CUST_10244,Female,20.0,UK,2023-03-11,2025-03-04,58,5.0,155.38,Wellness,Referral,0.3,0.25
CUST_10245,,38.0,Canada,2023-01-17,2023-01-23,829,7.0,241.84,Skincare,Social Media,0.45,1.0
CUST_10246,,35.0,USA,2024-05-29,2025-01-04,117,3.0,251.69,Skincare,Referral,0.41,0.49
CUST_10247,Male,29.0,Nigeria,2024-06-23,2024-10-30,183,7.0,133.62,Wellness,Email,0.25,0.72
CUST_10248,M,28.0,UK,2023-11-04,2024-01-25,462,3.0,255.98,Skincare,Email,0.59,1.0
CUST_10249,M,58.0,USA,2024-10-14,2024-10-16,197,3.0,187.77,Wellness,Social Media,0.15,0.68
CUST_10250,,37.0,USA,2024-06-24,2024-07-15,290,9.0,577.2,Makeup,Organic Search,0.15,1.0
CUST_10251,Female,28.0,Kenya,2024-07-10,2025-04-24,7,4.0,243.39,bodycare,Paid Ads,0.17,0.29
CUST_10252,,46.0,Canada,2023-03-20,2024-01-20,467,2.0,68.15,Wellness,Referral,0.22,1.0
CUST_10253,F,34.0,UK,2024-12-06,2024-12-26,126,3.0,444.08,Skincare,Paid Ads,0.42,0.61
CUST_10254,Female,28.0,Nigeria,2024-09-01,2024-12-11,141,1.0,295.65,Bodycare,Email,0.24,0.38
CUST_10255,M,26.0,Nigeria,2024-01-20,2024-08-28,246,3.0,87.17,Wellness,Referral,0.42,0.66
CUST_10256,F,31.0,USA,2023-03-26,2023-12-25,493,6.0,64.72,Haircare,Social Media,0.27,1.0
CUST_10257,F,40.0,USA,2023-11-12,2025-02-09,81,2.0,603.83,Haircare,Email,0.3,0.36
CUST_10258,M,35.0,Nigeria,2024-02-22,2024-04-14,382,,138.07,Skincare,Social Media,0.54,1.0
CUST_10259,M,,Canada,2024-02-02,2025-03-06,56,2.0,218.16,Haircare,Paid Ads,0.48,0.4
CUST_10260,M,33.0,Kenya,2023-11-05,2024-08-05,269,8.0,368.73,Wellness,Social Media,0.56,0.91
CUST_10261,M,23.0,Kenya,2023-09-15,2024-05-24,342,5.0,62.03,Makeup,Organic Search,0.45,1.0
CUST_10262,Male,16.0,Canada,2023-12-07,2024-12-30,122,8.0,315.48,Bodycare,Referral,0.13,0.59
CUST_10263,Male,23.0,Nigeria,2024-12-12,2025-02-01,89,4.0,119.76,Wellness,Social Media,0.04,0.31
CUST_10264,M,51.0,UK,2023-11-30,2024-12-19,133,2.0,160.04,Bodycare,Referral,0.21,0.65
CUST_10265,Male,16.0,Nigeria,2023-07-04,2025-01-17,104,,85.09,Haircare,Social Media,0.24,0.64
CUST_10266,Female,38.0,Canada,2024-11-20,2025-03-27,35,2.0,304.44,Bodycare,Email,0.22,0.31
CUST_10267,M,28.0,Nigeria,2024-05-05,2025-02-27,63,3.0,27.85,Wellness,Social Media,0.71,0.34
CUST_10268,,26.0,USA,2023-04-22,2024-01-01,486,1.0,407.85,makeup,Email,0.46,1.0
CUST_10269,F,36.0,Canada,2023-04-19,2023-04-29,733,4.0,230.97,Makeup,Referral,0.68,1.0
CUST_10270,Male,33.0,Canada,2024-04-19,2025-04-01,30,3.0,208.37,Bodycare,Email,0.34,0.35
CUST_10271,Female,16.0,USA,2023-04-29,2023-09-21,588,5.0,158.55,Haircare,Social Media,0.19,1.0
CUST_10272,M,28.0,Canada,2023-11-23,2024-01-30,457,2.0,150.58,skincare,Social Media,0.21,1.0
CUST_10273,Female,29.0,UK,2023-09-07,2025-02-16,74,8.0,345.72,Makeup,Email,0.24,0.42
CUST_10274,Male,39.0,UK,2023-07-10,2025-04-25,6,4.0,168.73,Makeup,Email,0.24,0.37
CUST_10275,,25.0,USA,2024-12-22,2025-02-14,76,6.0,579.82,Skincare,Referral,0.59,0.47
CUST_10276,Male,16.0,UK,2024-04-13,2024-06-10,325,2.0,465.95,Makeup,Social Media,0.16,0.98
CUST_10277,,35.0,Canada,2024-08-24,2024-09-22,221,1.0,147.52,Makeup,Social Media,0.24,0.79
CUST_10278,,16.0,UK,2023-11-17,2024-03-16,411,1.0,481.63,Bodycare,Referral,0.12,1.0
CUST_10279,M,31.0,UK,2024-08-11,2025-02-23,67,5.0,117.39,Makeup,Paid Ads,0.33,0.45
CUST_10280,,30.0,Kenya,2023-05-24,2023-12-01,517,3.0,90.77,Skincare,Organic Search,0.33,1.0
CUST_10281,M,16.0,Canada,2024-07-29,2025-04-13,18,4.0,136.98,Wellness,Email,0.19,0.27
CUST_10282,M,47.0,Nigeria,2023-02-01,2025-04-25,6,5.0,94.21,Bodycare,Social Media,0.1,0.31
CUST_10283,Male,37.0,Nigeria,2024-05-22,2025-02-27,63,3.0,65.99,Bodycare,Social Media,0.31,0.56
CUST_10284,,29.0,USA,2024-03-27,2024-12-31,121,5.0,29.53,Haircare,Organic Search,0.25,0.44
CUST_10285,M,25.0,USA,2024-03-25,2024-05-24,342,3.0,374.43,Makeup,Referral,0.2,1.0
CUST_10286,M,16.0,UK,2023-07-31,2024-02-27,429,4.0,637.78,Makeup,Referral,0.11,1.0
CUST_10287,Male,35.0,Kenya,2023-10-24,2024-07-23,282,2.0,346.66,Skincare,Email,0.37,1.0
CUST_10288,Female,26.0,UK,2024-12-19,2025-01-21,100,4.0,93.21,Haircare,Email,0.15,0.54
CUST_10289,M,29.0,Kenya,2024-10-04,2025-01-18,103,3.0,662.9,Skincare,Social Media,0.21,0.6
CUST_10290,F,23.0,Canada,2023-12-02,2023-12-04,514,3.0,108.71,Skincare,Email,0.6,1.0
CUST_10291,F,34.0,Nigeria,2024-02-12,2024-06-02,333,4.0,88.99,Wellness,Social Media,0.35,1.0
CUST_10292,F,38.0,UK,2024-08-02,2025-04-07,24,2.0,1007.38,skincare,Email,0.11,0.26
CUST_10293,Female,34.0,UK,2024-03-27,2024-11-15,167,,451.04,Haircare,Paid Ads,0.55,0.69
CUST_10294,F,43.0,Kenya,2023-04-06,2025-02-04,86,6.0,413.6,Haircare,Social Media,0.68,0.43
CUST_10295,Male,22.0,USA,2024-12-21,2025-01-14,107,,231.95,Haircare,Referral,0.09,0.54
CUST_10296,M,,Kenya,2023-05-04,2024-07-09,296,6.0,197.0,Haircare,Organic Search,0.09,0.81
CUST_10297,Female,40.0,Kenya,2023-05-21,2024-06-15,320,2.0,79.41,Haircare,Paid Ads,0.48,1.0
CUST_10298,Female,34.0,USA,2024-09-16,2025-03-01,61,3.0,83.46,Haircare,Paid Ads,0.45,0.25
CUST_10299,M,16.0,Canada,2023-08-11,2023-11-07,541,3.0,109.04,Skincare,Email,0.5,1.0
CUST_10300,F,56.0,Kenya,2023-05-24,2024-02-01,455,3.0,127.2,Makeup,Referral,0.42,1.0
CUST_10301,F,43.0,USA,2024-11-05,2025-01-21,100,5.0,365.38,Haircare,Social Media,0.29,0.47
CUST_10302,Female,24.0,UK,2024-05-21,2024-12-04,148,5.0,227.94,Makeup,Organic Search,0.28,0.65
CUST_10303,F,16.0,UK,2024-02-01,2025-04-16,15,6.0,121.82,Makeup,Email,0.55,0.39
CUST_10304,Female,,USA,2023-01-15,2023-10-10,569,3.0,233.95,Wellness,Referral,0.21,1.0
CUST_10305,M,34.0,Canada,2023-03-26,2025-01-09,112,7.0,424.14,Bodycare,Organic Search,0.4,0.56
CUST_10306,,38.0,UK,2024-07-03,2024-12-17,135,2.0,70.2,Skincare,Email,0.31,0.28
CUST_10307,Male,52.0,USA,2024-03-20,2024-05-18,348,4.0,220.25,Bodycare,Paid Ads,0.13,1.0
CUST_10308,Female,,UK,2024-12-19,2024-12-21,131,4.0,56.17,Makeup,Social Media,0.26,0.49
CUST_10309,Male,19.0,Kenya,2023-05-01,2023-05-31,701,6.0,72.34,Makeup,Referral,0.51,1.0
CUST_10310,Female,22.0,Nigeria,2024-01-04,2024-02-01,455,2.0,40.56,Bodycare,Organic Search,0.19,1.0
CUST_10311,,28.0,USA,2023-08-22,2025-01-24,97,,35.22,Skincare,Email,0.12,0.59
CUST_10312,F,34.0,UK,2023-07-03,2023-08-08,632,4.0,470.92,Wellness,Paid Ads,0.04,1.0
CUST_10313,M,45.0,Kenya,2023-10-05,2023-12-23,495,5.0,68.08,Skincare,Referral,0.4,1.0
CUST_10314,Female,30.0,USA,2024-04-21,2024-09-12,231,7.0,72.49,Skincare,Organic Search,0.23,1.0
CUST_10315,F,31.0,Nigeria,2023-11-08,2024-07-13,292,2.0,166.73,Wellness,Paid Ads,0.14,1.0
CUST_10316,,16.0,UK,2023-06-04,2023-06-10,691,2.0,237.63,Makeup,Organic Search,0.46,1.0
CUST_10317,F,,Canada,2023-11-11,2024-02-25,431,2.0,357.34,Wellness,Organic Search,0.59,1.0
CUST_10318,Male,34.0,USA,2023-02-14,2023-10-09,570,1.0,46.64,Bodycare,Organic Search,0.18,1.0
CUST_10319,,55.0,UK,2024-10-14,2025-01-22,99,7.0,47.21,Wellness,Paid Ads,0.19,0.47
CUST_10320,Male,43.0,Kenya,2024-02-07,2025-01-30,91,5.0,299.84,Wellness,Organic Search,0.23,0.55
CUST_10321,Male,22.0,Nigeria,2023-04-22,2023-09-28,581,5.0,159.13,Bodycare,Referral,0.38,1.0
CUST_10322,F,25.0,UK,2024-04-07,2024-09-11,232,8.0,132.47,Skincare,Social Media,0.32,0.72
CUST_10323,,,Kenya,2023-06-01,2023-09-02,607,7.0,332.97,Wellness,Social Media,0.14,1.0
CUST_10324,F,35.0,UK,2023-02-01,2024-03-21,406,5.0,178.78,Makeup,Email,0.23,1.0
CUST_10325,Female,37.0,UK,2023-05-05,2023-05-17,715,1.0,148.31,Haircare,Email,0.45,1.0
CUST_10326,F,44.0,USA,2024-08-19,2024-12-29,123,5.0,294.53,Skincare,Email,0.28,0.64
CUST_10327,Male,35.0,Kenya,2023-05-06,2023-06-18,683,3.0,309.8,Makeup,Email,0.29,1.0
CUST_10328,M,,Canada,2023-06-26,2024-06-22,313,3.0,273.15,Bodycare,Paid Ads,0.24,0.84
CUST_10329,Female,32.0,Nigeria,2023-09-09,2024-07-07,298,3.0,410.21,Wellness,Social Media,0.26,0.95
CUST_10330,M,37.0,UK,2024-10-20,2025-03-03,59,6.0,373.54,Makeup,Email,0.07,0.42
CUST_10331,F,28.0,Canada,2023-12-19,2025-03-30,32,1.0,55.42,Bodycare,Social Media,0.27,0.3
CUST_10332,,29.0,Kenya,2023-03-01,2024-06-26,309,4.0,513.07,Haircare,Organic Search,0.05,1.0
CUST_10333,Male,51.0,Kenya,2024-06-30,2024-07-28,277,3.0,120.11,Makeup,Email,0.31,0.88
CUST_10334,F,40.0,UK,2023-06-30,2024-02-27,429,5.0,321.66,Bodycare,Organic Search,0.25,1.0
CUST_10335,F,34.0,Nigeria,2023-05-26,2024-12-22,130,5.0,56.9,Wellness,Paid Ads,0.27,0.6
CUST_10336,M,,USA,2023-08-27,2024-04-07,389,,284.94,Bodycare,Paid Ads,0.21,1.0
CUST_10337,Male,32.0,UK,2023-11-28,2024-01-27,460,,153.68,Haircare,Referral,0.71,1.0
CUST_10338,F,23.0,Kenya,2024-12-22,2025-04-02,29,5.0,167.73,Bodycare,Paid Ads,0.17,0.32
CUST_10339,M,28.0,Canada,2024-10-26,2025-01-15,106,3.0,66.93,Makeup,Paid Ads,0.53,0.45
CUST_10340,,28.0,Canada,2023-11-11,2024-09-07,236,6.0,407.28,Makeup,Referral,0.05,0.88
CUST_10341,Female,29.0,Kenya,2024-09-18,2024-11-13,169,5.0,152.18,Wellness,Organic Search,0.4,0.79
CUST_10342,Male,20.0,Kenya,2023-06-21,2025-04-02,29,1.0,148.55,Bodycare,Social Media,0.31,0.26
CUST_10343,Male,26.0,USA,2023-12-25,2024-05-04,362,1.0,161.82,Skincare,Email,0.27,1.0
CUST_10344,Male,48.0,Canada,2024-01-23,2024-07-20,285,4.0,164.23,Wellness,Referral,0.32,0.97
CUST_10345,Male,41.0,USA,2023-02-04,2023-12-02,516,,240.06,Skincare,Paid Ads,0.48,1.0
CUST_10346,M,30.0,USA,2024-07-14,2024-08-30,244,7.0,436.59,Wellness,Email,0.22,0.93
CUST_10347,Male,36.0,Canada,2023-06-10,2023-08-03,637,2.0,264.77,Haircare,Referral,0.54,1.0
CUST_10348,,24.0,Kenya,2023-11-01,2024-07-01,304,4.0,91.92,Makeup,Paid Ads,0.02,1.0
CUST_10349,Female,29.0,Canada,2023-03-31,2024-01-26,461,0.0,152.28,Wellness,Organic Search,0.36,1.0
CUST_10350,Male,47.0,Kenya,2023-03-25,2024-07-21,284,6.0,400.33,Wellness,Social Media,0.12,0.97
CUST_10351,Female,37.0,Canada,2023-07-09,2024-07-22,283,2.0,273.94,wellness,Email,0.51,0.97
CUST_10352,M,29.0,Kenya,2024-07-31,2024-08-31,243,8.0,148.35,Skincare,Social Media,0.26,0.9
CUST_10353,,35.0,Nigeria,2023-08-21,2025-03-09,53,7.0,213.73,Makeup,Referral,0.03,0.29
CUST_10354,M,37.0,UK,2024-05-02,2024-10-02,211,3.0,276.88,Skincare,Referral,0.2,0.78
CUST_10355,,26.0,Nigeria,2023-05-31,2023-10-01,578,2.0,577.9,Haircare,Paid Ads,0.32,1.0
CUST_10356,Male,,USA,2024-11-30,2025-03-21,41,2.0,40.66,Haircare,Social Media,0.21,0.32
CUST_10357,F,25.0,USA,2023-03-31,2024-05-01,365,1.0,443.51,Bodycare,Organic Search,0.24,1.0
CUST_10358,,16.0,Canada,2023-04-26,2024-06-23,312,2.0,347.61,Makeup,Organic Search,0.42,0.94
CUST_10359,Female,16.0,USA,2023-10-20,2025-04-20,11,4.0,368.17,Bodycare,Email,0.34,0.11
CUST_10360,,39.0,USA,2023-06-26,2024-04-03,393,1.0,496.18,wellness,Social Media,0.06,1.0
CUST_10361,Male,,Canada,2023-10-03,2024-10-18,195,,277.86,Bodycare,Email,0.27,0.72
CUST_10362,Female,48.0,UK,2023-05-18,2024-03-20,407,2.0,148.86,Bodycare,Email,0.23,1.0
CUST_10363,,16.0,UK,2024-03-28,2024-07-14,291,1.0,479.65,Wellness,Social Media,0.17,1.0
CUST_10364,Female,30.0,UK,2023-03-09,2024-01-21,466,7.0,226.12,Makeup,Organic Search,0.42,1.0
CUST_10365,Male,24.0,UK,2023-03-01,2023-11-11,537,7.0,170.54,Bodycare,Social Media,0.21,1.0
CUST_10366,F,21.0,Nigeria,2024-02-11,2025-01-01,120,2.0,739.8,Haircare,Referral,0.1,0.54
CUST_10367,M,25.0,Canada,2024-08-23,2025-01-11,110,5.0,221.84,Bodycare,Organic Search,0.21,0.51
CUST_10368,F,,USA,2023-06-16,2025-01-21,100,9.0,103.27,Haircare,Paid Ads,0.28,0.51
CUST_10369,F,25.0,Nigeria,2023-01-21,2025-03-30,32,5.0,213.32,Wellness,Paid Ads,0.27,0.23
CUST_10370,,27.0,UK,2023-09-16,2024-07-24,281,5.0,185.07,Bodycare,Email,0.53,1.0
CUST_10371,F,27.0,UK,2024-04-22,2024-09-23,220,3.0,261.02,Wellness,Organic Search,0.17,0.89
CUST_10372,,29.0,Kenya,2024-07-28,2024-12-19,133,7.0,37.98,Skincare,Social Media,0.45,0.58
CUST_10373,F,36.0,Kenya,2024-11-02,2025-04-17,14,2.0,3.64,Haircare,Referral,0.63,0.24
CUST_10374,M,37.0,UK,2023-01-27,2024-11-28,154,0.0,151.91,Wellness,Organic Search,0.03,0.85
CUST_10375,,31.0,Nigeria,2023-07-14,2024-06-29,306,6.0,443.77,Makeup,Email,0.15,1.0
CUST_10376,F,28.0,UK,2024-11-04,2025-03-26,36,5.0,203.93,Haircare,Referral,0.07,0.52
CUST_10377,Male,32.0,Kenya,2024-11-01,2024-11-23,159,6.0,282.29,Bodycare,Social Media,0.19,0.51
CUST_10378,F,31.0,Kenya,2024-04-19,2024-06-18,317,5.0,286.62,Makeup,Referral,0.12,0.97
CUST_10379,Female,26.0,UK,2024-05-27,2024-07-27,278,6.0,438.74,Bodycare,Paid Ads,0.47,0.98
CUST_10380,Male,23.0,Kenya,2024-02-24,2024-12-11,141,3.0,325.62,Haircare,Paid Ads,0.64,0.49
CUST_10381,Female,24.0,UK,2023-11-17,2024-01-15,472,,58.14,Haircare,Paid Ads,0.13,1.0
CUST_10382,M,16.0,USA,2023-05-13,2025-01-31,90,6.0,34.3,Wellness,Email,0.1,0.39
CUST_10383,Female,,UK,2024-01-18,2024-01-25,462,6.0,143.99,Makeup,Organic Search,0.05,1.0
CUST_10384,Male,33.0,Kenya,2023-11-16,2024-03-27,400,3.0,192.75,Bodycare,Organic Search,0.19,1.0
CUST_10385,F,21.0,Canada,2024-06-16,2025-04-17,14,7.0,183.73,Haircare,Email,0.21,0.19
CUST_10386,F,32.0,UK,2024-02-18,2024-02-27,429,3.0,74.03,Haircare,Organic Search,0.61,1.0
CUST_10387,,40.0,USA,2024-01-11,2025-01-09,112,3.0,261.34,Bodycare,Referral,0.21,0.52
CUST_10388,Female,37.0,USA,2024-11-08,2024-12-05,147,4.0,2276.7,Skincare,Email,0.33,0.68
CUST_10389,Female,37.0,Canada,2024-12-19,2025-01-27,94,6.0,181.23,Skincare,Organic Search,0.34,0.55
CUST_10390,,30.0,Nigeria,2024-12-18,2025-01-22,99,5.0,116.9,Makeup,Organic Search,0.49,0.6
CUST_10391,F,41.0,USA,2024-05-24,2024-09-02,241,2.0,154.15,Makeup,Social Media,0.29,0.96
CUST_10392,M,34.0,USA,2024-07-15,2025-03-26,36,5.0,125.01,Wellness,Organic Search,0.15,0.32
CUST_10393,Female,28.0,USA,2024-08-10,2025-04-19,12,3.0,219.84,Makeup,Organic Search,0.17,0.17
CUST_10394,F,20.0,Canada,2023-10-31,2024-07-27,278,2.0,56.41,Haircare,Social Media,0.27,0.9
CUST_10395,F,20.0,Kenya,2024-03-12,2025-03-25,37,1.0,362.71,skincare,Paid Ads,0.3,0.43
CUST_10396,Male,39.0,Canada,2024-09-28,2024-12-05,147,4.0,393.28,Bodycare,Email,0.3,0.65
CUST_10397,M,23.0,Kenya,2024-01-30,2025-01-17,104,4.0,272.51,Haircare,Organic Search,0.16,0.39
CUST_10398,Male,36.0,Nigeria,2024-05-09,2025-02-24,66,6.0,92.03,Wellness,Referral,0.66,0.43
CUST_10399,Female,29.0,UK,2024-05-09,2025-01-13,108,3.0,192.47,Skincare,Social Media,0.45,0.44
CUST_10400,Female,30.0,Nigeria,2024-08-13,2024-12-05,147,2.0,89.3,Bodycare,Referral,0.13,0.72
CUST_10401,Female,43.0,UK,2024-05-08,2024-11-01,181,2.0,391.68,Haircare,Referral,0.17,0.82
CUST_10402,,39.0,UK,2024-06-01,2025-01-27,94,5.0,116.59,Skincare,Social Media,0.52,0.47
CUST_10403,Male,30.0,Kenya,2023-02-21,2024-07-24,281,2.0,270.58,Wellness,Organic Search,0.17,0.87
CUST_10404,M,46.0,Nigeria,2024-04-03,2024-05-18,348,4.0,50.43,Skincare,Organic Search,0.19,1.0
CUST_10405,Female,23.0,USA,2024-07-24,2025-05-01,0,,121.1,Makeup,Social Media,0.29,0.18
CUST_10406,,32.0,Canada,2023-12-16,2024-06-19,316,4.0,216.59,Wellness,Referral,0.36,1.0
CUST_10407,,27.0,Kenya,2024-04-08,2024-06-05,330,4.0,297.03,Skincare,Social Media,0.03,1.0
CUST_10408,,41.0,USA,2023-02-16,2023-08-03,637,4.0,237.56,Wellness,Referral,0.21,1.0
CUST_10409,Male,32.0,Canada,2023-08-09,2024-11-19,163,6.0,208.78,Bodycare,Email,0.22,0.64
CUST_10410,Female,48.0,Nigeria,2023-05-07,2024-08-10,264,4.0,142.79,Makeup,Email,0.14,0.86
CUST_10411,Female,51.0,USA,2024-07-20,2025-02-26,64,5.0,121.43,Makeup,Paid Ads,0.57,0.36
CUST_10412,,18.0,UK,2023-04-17,2024-05-17,349,6.0,155.02,Bodycare,Email,0.08,1.0
CUST_10413,M,28.0,UK,2023-10-08,2024-11-18,164,4.0,68.86,Wellness,Paid Ads,0.07,0.52
CUST_10414,M,39.0,Nigeria,2023-11-03,2024-09-19,224,5.0,101.01,Haircare,Referral,0.29,0.75
CUST_10415,F,16.0,UK,2024-12-28,2025-03-21,41,1.0,60.62,Makeup,Social Media,0.11,0.34
CUST_10416,Female,37.0,Nigeria,2024-05-06,2025-02-28,62,2.0,469.02,Wellness,Referral,0.31,0.51
CUST_10417,F,27.0,Canada,2023-01-14,2024-07-02,303,7.0,270.41,Skincare,Paid Ads,0.15,1.0
CUST_10418,F,32.0,UK,2023-10-21,2024-07-03,302,3.0,160.55,Bodycare,Referral,0.72,1.0
CUST_10419,Female,32.0,Canada,2023-04-15,2025-01-04,117,3.0,248.54,Haircare,Referral,0.51,0.52
CUST_10420,M,39.0,Kenya,2024-12-10,2024-12-22,130,5.0,118.03,Bodycare,Organic Search,0.14,0.53
CUST_10421,Female,27.0,UK,2024-09-27,2025-04-14,17,3.0,46.16,Haircare,Social Media,0.62,0.31
CUST_10422,,34.0,Nigeria,2023-07-21,2024-02-04,452,2.0,404.08,Skincare,Paid Ads,0.19,1.0
CUST_10423,,39.0,USA,2024-03-14,2024-08-03,271,7.0,151.93,Makeup,Organic Search,0.63,0.98
CUST_10424,F,16.0,UK,2023-02-10,2023-07-17,654,3.0,174.77,Makeup,Social Media,0.05,1.0
CUST_10425,M,50.0,Nigeria,2024-01-02,2024-02-08,448,4.0,161.99,Haircare,Referral,0.04,1.0
CUST_10426,Female,18.0,UK,2024-03-01,2024-12-04,148,3.0,250.18,Haircare,Social Media,0.57,0.59
CUST_10427,F,30.0,UK,2024-09-25,2025-02-07,83,2.0,324.97,Skincare,Social Media,0.17,0.56
CUST_10428,M,40.0,Nigeria,2024-09-28,2024-11-29,153,1.0,66.76,Bodycare,Organic Search,0.17,0.54
CUST_10429,M,17.0,Kenya,2023-01-26,2024-07-08,297,3.0,170.8,Makeup,Organic Search,0.15,1.0
CUST_10430,F,26.0,UK,2023-11-25,2024-02-17,439,6.0,283.83,Makeup,Organic Search,0.3,1.0
CUST_10431,Male,23.0,UK,2024-12-02,2025-03-20,42,3.0,231.06,Wellness,Organic Search,0.25,0.26
CUST_10432,Male,,Kenya,2023-02-08,2023-05-08,724,3.0,464.79,Bodycare,Referral,0.08,1.0
CUST_10433,Male,41.0,Canada,2024-02-02,2024-09-19,224,2.0,451.08,Skincare,Organic Search,0.41,0.75
CUST_10434,,,Nigeria,2023-03-06,2025-04-18,13,4.0,567.32,Skincare,Referral,0.19,0.07
CUST_10435,Female,20.0,Kenya,2024-09-13,2024-10-05,208,4.0,265.01,Wellness,Organic Search,0.27,0.74
CUST_10436,M,26.0,UK,2023-05-20,2024-06-23,312,5.0,483.58,Bodycare,Paid Ads,0.36,1.0
CUST_10437,F,23.0,Kenya,2023-01-12,2024-07-31,274,6.0,59.29,skincare,Referral,0.17,0.73
CUST_10438,M,41.0,USA,2023-11-09,2024-06-11,324,3.0,282.27,Bodycare,Referral,0.18,1.0
CUST_10439,Male,17.0,UK,2024-09-23,2025-04-24,7,3.0,611.45,Makeup,Referral,0.47,0.26
CUST_10440,M,47.0,USA,2023-10-25,2024-01-01,486,6.0,262.11,Makeup,Social Media,0.36,1.0
CUST_10441,F,40.0,UK,2023-04-13,2024-01-29,458,3.0,107.2,Bodycare,Social Media,0.02,1.0
CUST_10442,,45.0,Nigeria,2023-06-06,2025-01-05,116,4.0,218.49,Wellness,Social Media,0.21,0.54
CUST_10443,Male,55.0,Canada,2023-10-11,2024-10-13,200,2.0,92.54,Wellness,Social Media,0.02,0.93
CUST_10444,F,40.0,USA,2023-06-29,2025-04-20,11,2.0,95.29,Haircare,Paid Ads,0.54,0.16
CUST_10445,F,30.0,USA,2023-03-19,2023-04-07,755,4.0,125.7,Makeup,Referral,0.26,1.0
CUST_10446,Male,33.0,Nigeria,2023-09-24,2025-04-02,29,2.0,268.24,Haircare,Paid Ads,0.73,0.41
CUST_10447,,32.0,Kenya,2023-05-18,2024-09-04,239,5.0,335.97,Bodycare,Paid Ads,0.28,1.0
CUST_10448,,29.0,Nigeria,2023-05-24,2024-08-22,252,5.0,39.72,Makeup,Paid Ads,0.29,0.68
CUST_10449,M,31.0,USA,2023-08-13,2024-12-24,128,6.0,153.66,haircare,Paid Ads,0.29,0.51
CUST_10450,,28.0,Kenya,2024-02-02,2024-09-29,214,6.0,55.88,Skincare,Social Media,0.12,0.85
CUST_10451,Female,16.0,Nigeria,2024-10-10,2024-12-19,133,7.0,213.37,Makeup,Email,0.08,0.8
CUST_10452,M,24.0,USA,2024-06-13,2024-10-19,194,6.0,195.91,Makeup,Social Media,0.2,0.76
CUST_10453,M,33.0,Nigeria,2023-01-07,2024-06-03,332,2.0,103.17,Haircare,Social Media,0.19,1.0
CUST_10454,Male,32.0,UK,2024-01-06,2024-11-09,173,2.0,352.56,Haircare,Social Media,0.63,0.74
CUST_10455,Female,31.0,Canada,2024-05-05,2024-08-20,254,5.0,153.74,wellness,Organic Search,0.18,0.96
CUST_10456,Male,29.0,UK,2023-05-18,2025-02-20,70,6.0,197.8,Haircare,Social Media,0.28,0.44
CUST_10457,Male,39.0,Canada,2024-09-05,2025-01-27,94,3.0,123.59,Bodycare,Paid Ads,0.25,0.42
CUST_10458,M,39.0,Canada,2024-05-08,2024-08-03,271,6.0,67.48,Haircare,Paid Ads,0.37,0.75
CUST_10459,,25.0,Kenya,2023-06-21,2024-06-05,330,2.0,350.08,Skincare,Email,0.51,0.99
CUST_10460,Male,20.0,UK,2024-06-19,2025-03-04,58,5.0,242.35,Makeup,Email,0.34,0.46
CUST_10461,,16.0,Nigeria,2024-05-30,2024-07-29,276,5.0,116.83,Makeup,Organic Search,0.49,0.91
CUST_10462,M,36.0,Kenya,2023-02-14,2025-01-28,93,2.0,312.26,Wellness,Email,0.21,0.47
CUST_10463,F,45.0,Nigeria,2023-04-11,2024-06-19,316,1.0,334.51,Haircare,Organic Search,0.35,1.0
CUST_10464,F,34.0,Nigeria,2024-02-23,2024-07-03,302,4.0,131.29,Skincare,Organic Search,0.09,1.0
CUST_10465,,,UK,2024-12-05,2025-02-23,67,4.0,585.36,Wellness,Social Media,0.14,0.38
CUST_10466,F,46.0,Canada,2024-08-01,2025-02-04,86,7.0,144.1,Wellness,Email,0.59,0.39
CUST_10467,,27.0,Canada,2023-07-03,2024-07-16,289,6.0,106.0,Bodycare,Email,0.5,0.86
CUST_10468,Male,39.0,USA,2023-08-24,2024-11-23,159,5.0,47.74,Skincare,Email,0.13,0.7
CUST_10469,F,34.0,Nigeria,2024-12-14,2024-12-27,125,6.0,492.58,Skincare,Paid Ads,0.42,0.74
CUST_10470,M,37.0,Canada,2023-04-01,2023-06-05,696,3.0,247.31,makeup,Email,0.49,1.0
CUST_10471,M,29.0,Nigeria,2023-10-21,2023-12-18,500,2.0,458.48,Wellness,Paid Ads,0.08,1.0
CUST_10472,,20.0,USA,2024-09-05,2025-01-13,108,1.0,419.37,Haircare,Social Media,0.35,0.52
CUST_10473,Male,16.0,UK,2023-03-30,2024-01-06,481,2.0,110.26,Wellness,Paid Ads,0.47,1.0
CUST_10474,,,USA,2023-04-03,2024-10-16,197,2.0,150.89,Makeup,Social Media,0.51,0.78
CUST_10475,Male,41.0,UK,2024-04-10,2024-11-02,180,3.0,90.63,Wellness,Referral,0.04,0.71
CUST_10476,Female,43.0,Kenya,2023-04-30,2024-10-06,207,4.0,117.58,Makeup,Email,0.24,0.73
CUST_10477,M,45.0,UK,2023-12-14,2025-04-19,12,5.0,156.55,Makeup,Email,0.15,0.22
CUST_10478,Female,50.0,Canada,2024-10-10,2025-04-29,2,5.0,320.6,Haircare,Email,0.12,0.12
CUST_10479,F,45.0,USA,2024-12-18,2025-02-23,67,4.0,45.28,Bodycare,Paid Ads,0.26,0.39
CUST_10480,M,33.0,UK,2024-08-10,2024-12-25,127,1.0,51.37,Haircare,Paid Ads,0.64,0.58
CUST_10481,Male,35.0,Kenya,2023-07-31,2024-03-21,406,4.0,61.86,Makeup,Organic Search,0.1,1.0
CUST_10482,Female,24.0,Canada,2024-09-20,2024-09-21,222,5.0,83.38,Skincare,Social Media,0.22,0.57
CUST_10483,,24.0,Nigeria,2023-10-09,2025-02-22,68,2.0,31.84,Makeup,Paid Ads,0.44,0.42
CUST_10484,,31.0,Nigeria,2024-03-09,2024-11-08,174,2.0,142.33,Bodycare,Paid Ads,0.09,0.66
CUST_10485,M,35.0,Nigeria,2024-04-16,2024-09-24,219,2.0,258.15000000000003,Haircare,Organic Search,0.28,0.7
CUST_10486,F,29.0,Kenya,2023-07-11,2025-01-22,99,5.0,249.01,Makeup,Paid Ads,0.19,0.51
CUST_10487,M,36.0,Canada,2024-12-18,2025-03-23,39,1.0,157.96,Wellness,Paid Ads,0.24,0.5
CUST_10488,,36.0,USA,2023-10-04,2024-06-01,334,7.0,142.84,Haircare,Paid Ads,0.37,0.99
CUST_10489,M,44.0,UK,2024-03-07,2024-11-17,165,4.0,14.84,Makeup,Social Media,0.37,0.59
CUST_10490,M,16.0,Nigeria,2024-08-04,2024-08-28,246,2.0,166.84,Skincare,Social Media,0.19,0.9
CUST_10491,M,27.0,USA,2024-04-05,2025-04-21,10,4.0,217.65,Makeup,Social Media,0.23,0.23
CUST_10492,F,,USA,2023-12-26,2025-03-14,48,2.0,474.37,Makeup,Referral,0.17,0.58
CUST_10493,Male,31.0,Kenya,2023-12-30,2024-06-13,322,3.0,218.95,Wellness,Email,0.47,1.0
CUST_10494,,36.0,UK,2023-06-21,2025-04-06,25,5.0,190.31,Makeup,Organic Search,0.08,0.35
CUST_10495,Female,34.0,UK,2023-11-18,2024-10-07,206,7.0,161.86,Makeup,Social Media,0.32,0.67
CUST_10496,M,16.0,Kenya,2024-08-24,2025-01-04,117,3.0,662.45,Haircare,Paid Ads,0.31,0.45
CUST_10497,Male,53.0,USA,2023-08-04,2024-01-21,466,1.0,165.94,Wellness,Organic Search,0.2,1.0
CUST_10498,M,35.0,USA,2023-04-17,2024-01-10,477,3.0,270.37,Wellness,Paid Ads,0.21,1.0
CUST_10499,F,36.0,UK,2023-05-15,2024-11-04,178,5.0,153.72,Bodycare,Social Media,0.22,0.79
CUST_10500,M,32.0,Nigeria,2023-10-06,2025-04-19,12,2.0,87.18,Makeup,Referral,0.05,0.19
CUST_10501,M,49.0,Nigeria,2024-03-21,2024-12-14,138,5.0,185.27,Bodycare,Paid Ads,0.31,0.55
CUST_10502,Female,17.0,Kenya,2024-02-27,2024-07-09,296,5.0,1059.1,Makeup,Paid Ads,0.31,1.0
CUST_10503,F,46.0,Nigeria,2023-01-09,2024-12-13,139,3.0,383.5,Wellness,Email,0.44,0.54
CUST_10504,F,34.0,USA,2024-07-15,2025-01-22,99,5.0,500.58,Wellness,Paid Ads,0.19,0.55
CUST_10505,M,56.0,UK,2023-09-27,2023-12-17,501,5.0,207.21,Makeup,Social Media,0.2,1.0
CUST_10506,F,24.0,Nigeria,2023-10-03,2024-11-28,154,4.0,210.78,Haircare,Email,0.03,0.67
CUST_10507,,26.0,Nigeria,2024-05-18,2024-08-22,252,6.0,147.15,makeup,Organic Search,0.18,1.0
CUST_10508,F,26.0,Canada,2023-01-09,2023-09-04,605,6.0,1821.25,Haircare,Social Media,0.28,1.0
CUST_10509,M,25.0,Canada,2024-12-14,2024-12-22,130,2.0,211.53,Haircare,Email,0.48,0.52
CUST_10510,Female,16.0,UK,2023-07-16,2024-03-28,399,4.0,403.99,Skincare,Paid Ads,0.19,1.0
CUST_10511,M,19.0,Canada,2023-09-11,2023-10-15,564,6.0,292.36,Skincare,Paid Ads,0.1,1.0
CUST_10512,M,29.0,Kenya,2023-11-27,2024-05-07,359,3.0,390.21,Makeup,Social Media,0.36,1.0
CUST_10513,M,33.0,UK,2024-01-05,2025-04-03,28,6.0,154.56,Skincare,Email,0.47,0.32
CUST_10514,F,,Kenya,2024-08-21,2024-09-20,223,4.0,362.5,Skincare,Email,0.05,0.73
CUST_10515,,16.0,USA,2023-09-12,2024-02-20,436,5.0,215.02,Bodycare,Organic Search,0.09,1.0
CUST_10516,Female,38.0,UK,2024-12-19,2025-01-15,106,6.0,424.22,Makeup,Social Media,0.79,0.56
CUST_10517,M,30.0,USA,2024-12-06,2025-03-12,50,5.0,95.78,Skincare,Email,0.35,0.35
CUST_10518,,45.0,Canada,2023-07-14,2025-02-13,77,1.0,73.15,Wellness,Referral,0.64,0.56
CUST_10519,,38.0,Nigeria,2023-06-08,2024-09-10,233,5.0,72.96,Bodycare,Referral,0.76,0.86
CUST_10520,M,27.0,USA,2024-09-26,2024-12-28,124,4.0,100.99,Skincare,Referral,0.35,0.64
CUST_10521,M,26.0,Canada,2024-07-18,2024-10-04,209,2.0,120.72,Bodycare,Referral,0.2,0.81
CUST_10522,Female,,UK,2023-07-02,2023-08-03,637,5.0,10.92,skincare,Email,0.66,1.0
CUST_10523,M,30.0,Nigeria,2023-09-20,2023-11-09,539,4.0,35.86,skincare,Paid Ads,0.29,1.0
CUST_10524,M,35.0,USA,2024-04-24,2025-03-17,45,2.0,177.37,Wellness,Organic Search,0.44,0.03
CUST_10525,,24.0,USA,2023-03-14,2024-01-19,468,5.0,619.5,Makeup,Paid Ads,0.5,1.0
CUST_10526,,32.0,UK,2024-06-22,2024-10-27,186,6.0,241.93,Makeup,Email,0.1,0.64
CUST_10527,Female,33.0,Nigeria,2024-01-02,2024-12-12,140,6.0,13.04,Skincare,Paid Ads,0.45,0.52
CUST_10528,,43.0,Kenya,2024-11-04,2024-12-14,138,3.0,221.92,Bodycare,Referral,0.34,0.66
CUST_10529,F,34.0,Canada,2024-10-10,2025-01-28,93,5.0,218.77,Haircare,Paid Ads,0.46,0.49
CUST_10530,M,26.0,Kenya,2024-01-04,2024-08-22,252,5.0,326.18,Skincare,Referral,0.02,0.95
CUST_10531,Female,42.0,Kenya,2023-01-07,2023-11-10,538,1.0,452.75,bodycare,Social Media,0.51,1.0
CUST_10532,,32.0,Nigeria,2024-08-08,2024-10-26,187,4.0,383.52,Haircare,Social Media,0.12,0.78
CUST_10533,,36.0,Kenya,2023-11-04,2024-02-06,450,3.0,67.97,Haircare,Social Media,0.11,1.0
CUST_10534,M,30.0,Nigeria,2023-04-08,2024-12-07,145,5.0,375.53,Makeup,Organic Search,0.17,0.59
CUST_10535,F,29.0,Canada,2024-03-02,2024-05-02,364,2.0,23.89,Makeup,Email,0.15,1.0
CUST_10536,Female,25.0,USA,2023-11-23,2024-04-24,372,2.0,79.63,Haircare,Email,0.28,1.0
CUST_10537,M,52.0,Nigeria,2024-05-31,2024-07-16,289,2.0,200.31,Wellness,Social Media,0.35,1.0
CUST_10538,Female,43.0,USA,2024-07-15,2025-02-04,86,7.0,110.82,Wellness,Paid Ads,0.21,0.45
CUST_10539,Male,29.0,UK,2024-05-14,2024-12-02,150,4.0,151.65,Makeup,Referral,0.44,0.78
CUST_10540,Male,19.0,Kenya,2024-03-16,2024-08-28,246,4.0,90.88,Skincare,Email,0.46,0.86
CUST_10541,F,28.0,Kenya,2023-12-19,2024-10-18,195,2.0,179.73,Haircare,Referral,0.34,0.76
CUST_10542,M,30.0,Canada,2023-02-15,2023-10-12,567,4.0,93.12,Skincare,Organic Search,0.38,1.0
CUST_10543,Male,34.0,UK,2023-10-22,2023-11-05,543,4.0,67.74,Bodycare,Organic Search,0.43,1.0
CUST_10544,F,29.0,Nigeria,2023-08-05,2024-02-29,427,5.0,79.02,Makeup,Paid Ads,0.31,1.0
CUST_10545,Female,40.0,Nigeria,2023-02-14,2023-11-02,546,3.0,81.31,Makeup,Email,0.39,1.0
CUST_10546,Female,27.0,Kenya,2024-11-09,2025-04-26,5,1.0,192.97,Bodycare,Email,0.15,0.43
CUST_10547,Male,50.0,Nigeria,2024-12-27,2025-01-08,113,1.0,91.96,Makeup,Paid Ads,0.24,0.44
CUST_10548,Male,28.0,Canada,2024-07-28,2024-08-08,266,3.0,47.03,Bodycare,Email,0.43,1.0
CUST_10549,Male,,Kenya,2023-12-30,2024-11-14,168,5.0,119.41,Makeup,Organic Search,0.11,0.88
CUST_10550,F,22.0,USA,2024-07-22,2024-12-12,140,5.0,480.89,Wellness,Organic Search,0.35,0.58
CUST_10551,M,42.0,Nigeria,2024-10-02,2025-03-26,36,5.0,75.3,Haircare,Social Media,0.58,0.16
CUST_10552,,54.0,Nigeria,2023-05-15,2023-12-12,506,3.0,651.22,Haircare,Social Media,0.79,1.0
CUST_10553,,37.0,Canada,2023-05-29,2025-03-30,32,3.0,510.96,Bodycare,Referral,0.23,0.37
CUST_10554,Female,37.0,UK,2023-01-31,2025-03-24,38,4.0,153.39,Wellness,Social Media,0.35,0.28
CUST_10555,Male,41.0,USA,2023-05-15,2023-11-20,528,,349.42,Makeup,Referral,0.06,1.0
CUST_10556,,25.0,UK,2023-08-25,2023-09-20,589,5.0,287.45,Wellness,Referral,0.03,1.0
CUST_10557,M,34.0,Kenya,2023-07-08,2024-08-07,267,2.0,509.46,Haircare,Email,0.45,0.95
CUST_10558,Female,52.0,Canada,2023-08-16,2024-03-10,417,2.0,260.78,Wellness,Email,0.18,1.0
CUST_10559,F,27.0,UK,2024-03-13,2024-10-06,207,6.0,218.1,Wellness,Email,0.35,0.71
CUST_10560,,28.0,Nigeria,2024-08-31,2025-01-15,106,7.0,48.6,Skincare,Email,0.26,0.59
CUST_10561,M,43.0,USA,2023-09-09,2025-02-21,69,3.0,98.88,Skincare,Referral,0.42,0.51
CUST_10562,Female,38.0,Canada,2024-02-12,2024-07-16,289,8.0,74.42,Haircare,Referral,0.49,0.94
CUST_10563,Female,43.0,UK,2024-04-19,2025-03-15,47,2.0,182.77,Skincare,Referral,0.26,0.32
CUST_10564,,27.0,Canada,2023-11-28,2025-03-03,59,,631.06,Haircare,Organic Search,0.35,0.35
CUST_10565,F,16.0,UK,2023-05-07,2023-08-08,632,4.0,19.94,Bodycare,Email,0.47,1.0
CUST_10566,,41.0,UK,2024-01-23,2024-10-30,183,4.0,289.16,Bodycare,Paid Ads,0.25,0.74
CUST_10567,Male,33.0,UK,2024-12-30,2025-01-05,116,4.0,260.68,Wellness,Paid Ads,0.14,0.37
CUST_10568,Female,19.0,UK,2023-01-04,2024-10-02,211,7.0,1379.75,Wellness,Referral,0.1,0.87
CUST_10569,Female,17.0,Canada,2023-09-01,2024-04-10,386,3.0,148.53,Wellness,Referral,0.35,1.0
CUST_10570,,,Nigeria,2023-10-12,2024-05-11,355,3.0,116.26,bodycare,Organic Search,0.05,1.0
CUST_10571,,29.0,Kenya,2023-12-06,2024-03-04,423,4.0,302.42,Haircare,Social Media,0.16,1.0
CUST_10572,,17.0,Nigeria,2024-08-09,2024-11-07,175,2.0,55.98,Bodycare,Organic Search,0.29,0.54
CUST_10573,F,41.0,Canada,2023-03-11,2025-04-25,6,2.0,139.32,Bodycare,Organic Search,0.13,0.18
CUST_10574,F,21.0,Canada,2024-06-21,2024-10-06,207,4.0,118.6,Skincare,Referral,0.33,0.65
CUST_10575,Female,40.0,Nigeria,2024-12-24,2025-03-07,55,1.0,95.13,Bodycare,Referral,0.19,0.32
CUST_10576,F,60.0,Nigeria,2024-07-30,2025-04-10,21,4.0,249.86,Wellness,Referral,0.17,0.28
CUST_10577,Male,22.0,UK,2023-01-02,2023-05-03,729,,635.5,Skincare,Paid Ads,0.28,1.0
CUST_10578,,31.0,Canada,2023-02-16,2024-01-23,464,8.0,149.5,haircare,Paid Ads,0.46,1.0
CUST_10579,F,36.0,USA,2023-11-12,2024-09-14,229,1.0,64.05,Skincare,Social Media,0.57,0.8
CUST_10580,F,37.0,Nigeria,2024-09-22,2024-09-29,214,4.0,908.14,Bodycare,Email,0.63,0.84
CUST_10581,M,32.0,UK,2024-05-08,2024-07-26,279,2.0,303.76,Makeup,Email,0.41,1.0
CUST_10582,M,26.0,USA,2024-06-17,2024-11-17,165,4.0,133.07,Makeup,Paid Ads,0.04,0.71
CUST_10583,,36.0,Kenya,2023-03-09,2023-08-08,632,3.0,108.4,Wellness,Paid Ads,0.14,1.0
CUST_10584,,28.0,UK,2024-09-01,2024-09-30,213,8.0,489.41,Bodycare,Social Media,0.63,0.8
CUST_10585,M,43.0,UK,2024-01-16,2024-09-03,240,2.0,115.05,Makeup,Organic Search,0.31,0.81
CUST_10586,F,47.0,UK,2023-04-05,2024-07-02,303,4.0,216.47,Makeup,Social Media,0.56,0.98
CUST_10587,M,25.0,Nigeria,2023-11-14,2024-10-14,199,4.0,138.36,Makeup,Paid Ads,0.27,0.58
CUST_10588,Male,24.0,Canada,2024-02-01,2025-01-31,90,11.0,233.19,Bodycare,Referral,0.47,0.34
CUST_10589,Female,30.0,USA,2023-04-16,2024-09-30,213,3.0,238.29,Skincare,Social Media,0.15,0.75
CUST_10590,Male,24.0,UK,2023-10-21,2024-07-30,275,2.0,145.01,Skincare,Paid Ads,0.21,0.87
CUST_10591,F,25.0,Nigeria,2024-07-27,2025-04-16,15,5.0,242.56,Makeup,Paid Ads,0.26,0.42
CUST_10592,F,35.0,UK,2023-03-14,2024-01-26,461,8.0,86.33,Wellness,Organic Search,0.04,1.0
CUST_10593,M,16.0,USA,2023-04-19,2024-05-15,351,3.0,480.74,Haircare,Referral,0.44,1.0
CUST_10594,M,41.0,Kenya,2023-12-07,2024-06-26,309,2.0,346.12,Makeup,Email,0.2,1.0
CUST_10595,,33.0,Canada,2023-04-10,2024-07-19,286,3.0,282.62,Wellness,Paid Ads,0.18,1.0
CUST_10596,Male,45.0,Nigeria,2023-09-22,2024-09-28,215,7.0,382.9,Bodycare,Social Media,0.35,0.94
CUST_10597,M,29.0,USA,2024-05-01,2024-06-27,308,3.0,514.65,Haircare,Social Media,0.22,1.0
CUST_10598,,42.0,Nigeria,2023-04-16,2024-06-04,331,5.0,306.45,Bodycare,Organic Search,0.06,1.0
CUST_10599,F,25.0,Canada,2024-08-27,2024-12-10,142,7.0,34.81,Haircare,Email,0.3,0.5
CUST_10600,Female,34.0,Nigeria,2024-03-17,2025-04-22,9,2.0,132.66,Bodycare,Paid Ads,0.3,0.33
CUST_10601,Male,31.0,USA,2024-12-29,2025-03-12,50,4.0,355.77,Makeup,Referral,0.5,0.38
CUST_10602,Female,22.0,UK,2023-11-12,2024-12-31,121,4.0,632.36,Makeup,Email,0.54,0.51
CUST_10603,F,28.0,USA,2023-04-03,2023-11-11,537,3.0,201.65,Skincare,Paid Ads,0.18,1.0
CUST_10604,M,41.0,Canada,2024-09-22,2025-02-16,74,2.0,70.88,Bodycare,Social Media,0.47,0.56
CUST_10605,M,47.0,Kenya,2023-04-02,2024-11-18,164,,20.05,Wellness,Social Media,0.07,0.59
CUST_10606,Female,36.0,Nigeria,2023-02-24,2023-02-24,797,3.0,49.96,Bodycare,Social Media,0.17,1.0
CUST_10607,Female,30.0,Nigeria,2024-02-08,2024-12-24,128,3.0,198.88,Wellness,Paid Ads,0.16,0.51
CUST_10608,Male,20.0,UK,2024-07-22,2025-02-03,87,0.0,217.38,Wellness,Paid Ads,0.46,0.38
CUST_10609,Male,,USA,2023-05-28,2024-10-07,206,2.0,62.25,Haircare,Email,0.34,0.77
CUST_10610,M,57.0,Nigeria,2024-03-11,2025-01-24,97,4.0,82.19,Makeup,Email,0.15,0.4
CUST_10611,F,40.0,Canada,2024-09-11,2024-09-12,231,8.0,101.4,Haircare,Social Media,0.45,0.99
CUST_10612,M,18.0,Nigeria,2024-01-11,2024-01-28,459,3.0,90.57,Bodycare,Email,0.24,1.0
CUST_10613,Female,47.0,Nigeria,2023-10-14,2025-02-01,89,2.0,401.03,Makeup,Email,0.83,0.49
CUST_10614,Female,27.0,Nigeria,2024-08-16,2025-01-22,99,3.0,296.15,Makeup,Email,0.4,0.43
CUST_10615,M,34.0,Canada,2024-08-10,2025-01-26,95,2.0,267.13,Bodycare,Organic Search,0.46,0.42
CUST_10616,,40.0,Nigeria,2023-09-24,2023-11-25,523,5.0,332.37,Makeup,Social Media,0.36,1.0
CUST_10617,,,Canada,2023-03-26,2023-08-02,638,3.0,70.97,Bodycare,Referral,0.15,1.0
CUST_10618,F,28.0,Kenya,2023-01-15,2025-02-12,78,6.0,28.99,Makeup,Email,0.44,0.48
CUST_10619,F,21.0,Kenya,2024-12-18,2025-02-16,74,4.0,40.15,Skincare,Organic Search,0.32,0.41
CUST_10620,Male,26.0,UK,2024-05-22,2024-12-19,133,3.0,237.8,Wellness,Paid Ads,0.33,0.56
CUST_10621,Male,21.0,Kenya,2023-02-25,2024-12-13,139,1.0,192.12,Skincare,Email,0.13,0.51
CUST_10622,M,49.0,Nigeria,2023-08-28,2024-09-19,224,4.0,160.1,Bodycare,Email,0.3,1.0
CUST_10623,Female,41.0,Canada,2024-01-27,2025-01-08,113,4.0,123.13,Skincare,Referral,0.22,0.43
CUST_10624,F,33.0,Canada,2024-09-17,2025-03-02,60,9.0,275.78,Bodycare,Social Media,0.16,0.09
CUST_10625,,52.0,UK,2024-11-19,2025-04-18,13,2.0,39.08,Haircare,Organic Search,0.44,0.1
CUST_10626,Female,26.0,USA,2024-02-26,2024-04-16,380,4.0,164.66,Bodycare,Social Media,0.3,1.0
CUST_10627,F,39.0,USA,2024-09-26,2024-10-19,194,6.0,142.49,Haircare,Organic Search,0.16,0.84
CUST_10628,Female,35.0,Nigeria,2023-05-14,2024-06-01,334,3.0,680.81,Makeup,Paid Ads,0.45,1.0
CUST_10629,Female,16.0,Kenya,2023-10-29,2025-02-18,72,3.0,321.92,Wellness,Social Media,0.06,0.48
CUST_10630,M,52.0,Kenya,2023-09-21,2024-03-04,423,0.0,87.38,Skincare,Social Media,0.68,1.0
CUST_10631,Female,28.0,Kenya,2023-07-02,2024-09-25,218,4.0,208.33,Haircare,Paid Ads,0.58,0.92
CUST_10632,M,31.0,Nigeria,2024-03-17,2024-07-06,299,3.0,987.92,Wellness,Organic Search,0.24,1.0
CUST_10633,Female,29.0,Nigeria,2023-09-14,2024-12-13,139,,422.51,Skincare,Email,0.07,0.56
CUST_10634,F,44.0,Kenya,2024-02-05,2024-11-25,157,,139.8,Wellness,Email,0.18,0.63
CUST_10635,Female,37.0,USA,2024-01-29,2025-01-15,106,3.0,214.48,Makeup,Social Media,0.34,0.43
CUST_10636,F,25.0,Canada,2023-02-26,2024-12-04,148,6.0,131.94,Bodycare,Social Media,0.31,0.76
CUST_10637,Female,45.0,Kenya,2024-10-25,2024-12-15,137,5.0,106.1,Wellness,Social Media,0.1,0.46
CUST_10638,M,51.0,Kenya,2024-05-13,2024-06-25,310,3.0,145.5,Haircare,Paid Ads,0.26,0.86
CUST_10639,Female,43.0,Nigeria,2023-09-02,2025-01-14,107,2.0,84.68,Bodycare,Email,0.49,0.29
CUST_10640,Female,,USA,2023-12-12,2025-01-18,103,9.0,278.16,Haircare,Referral,0.24,0.49
CUST_10641,M,33.0,Nigeria,2023-06-02,2025-01-15,106,5.0,587.43,Haircare,Organic Search,0.11,0.43
CUST_10642,M,47.0,Nigeria,2023-02-16,2023-10-22,557,4.0,71.76,Haircare,Social Media,0.15,1.0
CUST_10643,Female,34.0,UK,2024-08-28,2024-09-13,230,6.0,335.05,Wellness,Referral,0.42,0.74
CUST_10644,Male,25.0,UK,2024-03-12,2024-08-31,243,3.0,25.75,Wellness,Referral,0.05,0.96
CUST_10645,,36.0,UK,2023-02-16,2024-10-15,198,6.0,268.82,Bodycare,Email,0.38,0.84
CUST_10646,Male,38.0,Nigeria,2023-06-18,2024-09-09,234,4.0,368.25,Haircare,Referral,0.26,0.76
CUST_10647,M,36.0,USA,2024-05-13,2024-06-23,312,,159.56,Skincare,Referral,0.55,1.0
CUST_10648,F,22.0,Canada,2024-12-09,2025-01-10,111,7.0,52.79,Makeup,Paid Ads,0.37,0.57
CUST_10649,Male,24.0,USA,2024-09-02,2024-10-18,195,3.0,428.91,Skincare,Social Media,0.54,0.73
CUST_10650,F,31.0,Nigeria,2023-08-30,2024-03-13,414,2.0,236.73,Skincare,Referral,0.07,1.0
CUST_10651,,27.0,UK,2023-10-11,2023-12-04,514,4.0,205.71,Wellness,Paid Ads,0.24,1.0
CUST_10652,Female,16.0,Kenya,2023-10-19,2024-05-20,346,8.0,194.39,wellness,Organic Search,0.07,1.0
CUST_10653,,24.0,USA,2024-05-11,2025-01-29,92,4.0,290.69,Wellness,Social Media,0.64,0.48
CUST_10654,M,40.0,Kenya,2023-08-24,2023-12-14,504,4.0,413.15,Wellness,Email,0.1,1.0
CUST_10655,Male,37.0,Nigeria,2024-05-11,2024-06-07,328,7.0,302.44,Makeup,Email,0.36,1.0
CUST_10656,F,37.0,UK,2024-10-09,2025-01-08,113,5.0,279.4,haircare,Referral,0.5,0.55
CUST_10657,Female,45.0,USA,2024-04-21,2024-12-11,141,2.0,354.97,Haircare,Referral,0.09,0.41
CUST_10658,Male,42.0,Nigeria,2023-06-24,2025-02-04,86,6.0,215.48,Skincare,Referral,0.28,0.32
CUST_10659,M,42.0,UK,2024-08-28,2024-12-27,125,3.0,233.02,Wellness,Paid Ads,0.06,0.45
CUST_10660,Male,31.0,Nigeria,2023-08-16,2025-04-12,19,2.0,82.6,Skincare,Organic Search,0.38,0.31
CUST_10661,Female,30.0,Nigeria,2023-02-04,2024-04-14,382,6.0,76.36,Skincare,Paid Ads,0.53,1.0
CUST_10662,Female,23.0,USA,2024-12-10,2025-03-24,38,2.0,295.36,Bodycare,Organic Search,0.08,0.2
CUST_10663,Female,35.0,Kenya,2023-06-15,2024-09-27,216,3.0,262.63,Skincare,Email,0.27,0.79
CUST_10664,Male,16.0,Canada,2023-07-09,2024-07-22,283,8.0,231.82,Skincare,Organic Search,0.27,1.0
CUST_10665,M,40.0,Kenya,2024-06-27,2024-07-13,292,0.0,203.51,Makeup,Paid Ads,0.02,0.89
CUST_10666,Female,16.0,Kenya,2023-02-26,2024-08-06,268,6.0,173.44,Skincare,Social Media,0.38,1.0
CUST_10667,M,56.0,Kenya,2024-01-11,2024-04-09,387,3.0,622.87,Makeup,Paid Ads,0.16,1.0
CUST_10668,Male,26.0,UK,2024-07-06,2024-09-02,241,5.0,236.07,Makeup,Paid Ads,0.47,0.99
CUST_10669,Male,38.0,Kenya,2024-05-30,2025-01-01,120,2.0,59.64,Bodycare,Referral,0.1,0.48
CUST_10670,,39.0,Canada,2024-12-27,2025-03-05,57,5.0,490.27,Bodycare,Social Media,0.34,0.47
CUST_10671,Female,16.0,Canada,2023-03-31,2023-06-21,680,4.0,44.13,Skincare,Social Media,0.1,1.0
CUST_10672,Female,26.0,Canada,2023-06-04,2023-12-30,488,4.0,285.65,Bodycare,Referral,0.1,1.0
CUST_10673,Male,24.0,Canada,2024-03-30,2025-04-11,20,1.0,119.51,skincare,Paid Ads,0.28,0.31
CUST_10674,,38.0,Canada,2024-08-15,2025-02-06,84,3.0,97.69,Wellness,Referral,0.25,0.41
CUST_10675,,18.0,Kenya,2024-08-03,2024-10-09,204,3.0,386.6,Bodycare,Social Media,0.1,0.72
CUST_10676,F,35.0,USA,2023-06-01,2024-05-27,339,3.0,106.76,Makeup,Referral,0.3,1.0
CUST_10677,F,22.0,UK,2024-12-26,2025-03-24,38,5.0,132.78,Haircare,Organic Search,0.13,0.31
CUST_10678,F,43.0,Canada,2023-09-24,2024-10-06,207,3.0,286.31,Skincare,Social Media,0.49,0.68
CUST_10679,Male,47.0,Nigeria,2023-06-16,2024-12-13,139,4.0,20.23,Wellness,Paid Ads,0.2,0.53
CUST_10680,M,16.0,UK,2023-01-05,2025-01-30,91,5.0,143.37,Bodycare,Social Media,0.76,0.59
CUST_10681,,33.0,Nigeria,2024-03-28,2024-09-17,226,5.0,199.37,Skincare,Referral,0.23,0.79
CUST_10682,Female,30.0,Canada,2024-09-24,2025-04-27,4,3.0,43.37,Bodycare,Paid Ads,0.14,0.16
CUST_10683,,37.0,Kenya,2023-07-20,2023-08-12,628,2.0,170.3,Skincare,Email,0.35,1.0
CUST_10684,Male,42.0,Nigeria,2024-09-11,2025-01-19,102,0.0,51.5,Bodycare,Email,0.25,0.41
CUST_10685,F,41.0,USA,2023-10-19,2024-10-06,207,2.0,196.88,Makeup,Email,0.19,0.69
CUST_10686,M,35.0,Kenya,2023-06-17,2024-08-24,250,6.0,56.4,Makeup,Paid Ads,0.11,0.87
CUST_10687,Male,46.0,Nigeria,2023-12-10,2024-01-12,475,6.0,210.86,Wellness,Email,0.37,1.0
CUST_10688,F,33.0,Nigeria,2024-04-18,2025-04-16,15,0.0,36.72,Haircare,Email,0.28,0.23
CUST_10689,F,28.0,USA,2023-11-06,2024-09-12,231,7.0,159.46,haircare,Organic Search,0.47,0.74
CUST_10690,Male,55.0,Canada,2023-05-08,2025-03-07,55,5.0,524.47,Haircare,Paid Ads,0.2,0.47
CUST_10691,Female,40.0,Kenya,2024-05-19,2024-06-22,313,5.0,89.42,Wellness,Social Media,0.14,1.0
CUST_10692,M,32.0,USA,2024-01-18,2024-10-06,207,3.0,1090.9,Bodycare,Organic Search,0.15,0.89
CUST_10693,Male,38.0,UK,2024-01-01,2024-03-24,403,0.0,389.19,bodycare,Social Media,0.25,1.0
CUST_10694,,18.0,USA,2024-06-10,2024-09-17,226,1.0,510.61,Skincare,Paid Ads,0.34,0.92
CUST_10695,,33.0,Kenya,2024-12-02,2025-02-17,73,5.0,144.43,Bodycare,Referral,0.32,0.49
CUST_10696,F,37.0,USA,2023-05-21,2024-11-01,181,1.0,80.29,Wellness,Paid Ads,0.14,0.66
CUST_10697,Female,38.0,Nigeria,2023-08-15,2024-02-23,433,4.0,160.98,Makeup,Referral,0.3,1.0
CUST_10698,Female,46.0,USA,2023-04-30,2023-09-11,598,4.0,167.86,Bodycare,Paid Ads,0.22,1.0
CUST_10699,M,35.0,Nigeria,2024-06-19,2024-12-11,141,2.0,296.13,Skincare,Paid Ads,0.18,0.3
CUST_10700,Male,37.0,UK,2023-05-14,2023-08-02,638,4.0,469.32,Skincare,Email,0.13,1.0
CUST_10701,M,,USA,2023-02-03,2025-04-25,6,4.0,90.28,Wellness,Social Media,0.1,0.23
CUST_10702,Female,36.0,USA,2023-04-09,2023-08-13,627,6.0,169.53,Haircare,Social Media,0.48,1.0
CUST_10703,Female,18.0,Kenya,2024-08-16,2025-02-10,80,3.0,133.8,Makeup,Referral,0.38,0.45
CUST_10704,Female,33.0,Nigeria,2023-01-15,2024-07-09,296,2.0,160.4,Bodycare,Referral,0.26,1.0
CUST_10705,Female,35.0,USA,2023-08-08,2025-01-05,116,1.0,344.04,Makeup,Organic Search,0.06,0.43
CUST_10706,Male,33.0,Canada,2024-03-10,2024-06-27,308,3.0,309.81,Bodycare,Organic Search,0.49,1.0
CUST_10707,,38.0,Kenya,2024-12-22,2025-03-05,57,5.0,8.99,Bodycare,Email,0.07,0.47
CUST_10708,F,40.0,Kenya,2024-12-04,2025-03-27,35,7.0,160.97,Wellness,Organic Search,0.27,0.31
CUST_10709,M,28.0,Kenya,2023-07-03,2023-07-16,655,4.0,143.96,Skincare,Referral,0.07,1.0
CUST_10710,Female,25.0,Canada,2024-02-15,2025-02-04,86,6.0,130.87,Haircare,Paid Ads,0.17,0.43
CUST_10711,F,50.0,Canada,2023-05-06,2023-12-30,488,1.0,239.21,Bodycare,Referral,0.13,1.0
CUST_10712,,31.0,Canada,2023-12-31,2024-08-30,244,7.0,484.94,Wellness,Paid Ads,0.41,0.87
CUST_10713,M,26.0,Kenya,2024-05-16,2025-01-25,96,9.0,182.92,Skincare,Organic Search,0.33,0.39
CUST_10714,Female,33.0,USA,2023-07-03,2024-07-28,277,4.0,458.79,Bodycare,Organic Search,0.54,0.96
CUST_10715,Female,20.0,Nigeria,2024-05-19,2025-01-12,109,2.0,142.36,Wellness,Referral,0.53,0.7
CUST_10716,F,46.0,Nigeria,2024-07-13,2024-07-22,283,4.0,57.64,Wellness,Organic Search,0.2,0.9
CUST_10717,M,38.0,Canada,2024-03-29,2024-11-19,163,3.0,89.7,Bodycare,Paid Ads,0.18,0.65
CUST_10718,M,33.0,Kenya,2024-02-03,2024-10-09,204,5.0,82.36,Wellness,Referral,0.49,0.77
CUST_10719,,16.0,Nigeria,2023-06-10,2024-11-09,173,6.0,128.74,Makeup,Referral,0.65,0.65
CUST_10720,F,38.0,Kenya,2023-11-25,2024-01-26,461,,178.03,Bodycare,Referral,0.43,1.0
CUST_10721,Female,44.0,Kenya,2024-01-25,2024-03-14,413,3.0,39.58,Wellness,Paid Ads,0.12,1.0
CUST_10722,Male,31.0,Kenya,2024-08-29,2024-09-19,224,5.0,355.55,Bodycare,Paid Ads,0.33,0.82
CUST_10723,Female,20.0,USA,2024-04-16,2025-03-18,44,0.0,433.76,Wellness,Email,0.12,0.41
CUST_10724,,,Kenya,2024-01-22,2024-11-09,173,6.0,228.28,Wellness,Paid Ads,0.3,0.75
CUST_10725,F,22.0,Kenya,2023-06-20,2025-03-10,52,4.0,117.41,Haircare,Organic Search,0.11,0.34
CUST_10726,,23.0,Kenya,2023-02-18,2023-12-19,499,4.0,225.98,Haircare,Organic Search,0.11,1.0
CUST_10727,,16.0,Kenya,2023-10-07,2023-12-14,504,5.0,162.88,Wellness,Organic Search,0.56,1.0
CUST_10728,F,27.0,Kenya,2024-03-19,2025-02-21,69,7.0,428.83,Wellness,Referral,0.46,0.29
CUST_10729,M,40.0,Nigeria,2023-07-04,2023-07-23,648,5.0,732.76,Haircare,Paid Ads,0.35,1.0
CUST_10730,M,16.0,Nigeria,2024-09-21,2025-04-27,4,2.0,459.31,Makeup,Organic Search,0.56,0.27
CUST_10731,,38.0,Canada,2023-06-01,2024-02-02,454,5.0,529.68,Bodycare,Email,0.08,1.0
CUST_10732,F,27.0,USA,2024-10-11,2024-12-02,150,3.0,377.86,Bodycare,Social Media,0.09,0.61
CUST_10733,,16.0,UK,2023-04-27,2023-09-27,582,6.0,104.67,Bodycare,Referral,0.7,1.0
CUST_10734,M,32.0,USA,2023-07-26,2024-01-05,482,5.0,144.23,Bodycare,Paid Ads,0.51,1.0
CUST_10735,Female,35.0,Canada,2023-01-21,2023-03-18,775,3.0,197.17,Makeup,Organic Search,0.12,1.0
CUST_10736,M,17.0,USA,2024-02-11,2025-04-15,16,1.0,412.71,Skincare,Referral,0.43,0.08
CUST_10737,Female,39.0,Nigeria,2024-06-21,2024-10-27,186,1.0,405.03,Makeup,Social Media,0.09,0.72
CUST_10738,F,33.0,Canada,2023-08-30,2024-11-05,177,5.0,79.63,Haircare,Email,0.17,0.49
CUST_10739,M,16.0,Nigeria,2023-02-27,2024-07-13,292,4.0,358.45,Skincare,Email,0.57,1.0
CUST_10740,M,33.0,Kenya,2023-05-29,2024-06-03,332,4.0,94.5,bodycare,Referral,0.36,1.0
CUST_10741,Female,20.0,USA,2024-12-08,2025-02-07,83,5.0,140.65,Bodycare,Organic Search,0.31,0.47
CUST_10742,,33.0,Canada,2024-02-02,2024-02-06,450,8.0,331.93,Bodycare,Paid Ads,0.28,1.0
CUST_10743,F,35.0,UK,2024-03-25,2025-02-11,79,3.0,304.78,Wellness,Social Media,0.41,0.49
CUST_10744,Female,24.0,Canada,2024-04-27,2024-11-24,158,3.0,234.53,Wellness,Organic Search,0.11,0.69
CUST_10745,Male,35.0,Nigeria,2023-03-09,2024-03-03,424,4.0,347.05,Makeup,Email,0.31,1.0
CUST_10746,Female,40.0,UK,2024-10-07,2025-01-28,93,6.0,237.91,Wellness,Social Media,0.29,0.61
CUST_10747,F,28.0,USA,2023-06-11,2024-02-21,435,6.0,276.83,Haircare,Email,0.55,1.0
CUST_10748,F,45.0,UK,2023-09-24,2024-03-19,408,3.0,740.73,Bodycare,Email,0.07,1.0
CUST_10749,F,31.0,Canada,2024-08-07,2024-11-29,153,,214.75,Makeup,Paid Ads,0.23,0.68
CUST_10750,Female,31.0,UK,2023-09-26,2024-03-16,411,4.0,354.57,Makeup,Organic Search,0.12,1.0
CUST_10751,F,31.0,Nigeria,2023-05-01,2023-05-15,717,4.0,289.99,Wellness,Email,0.39,1.0
CUST_10752,Female,35.0,UK,2023-07-15,2024-04-12,384,5.0,91.77,Haircare,Paid Ads,0.27,1.0
CUST_10753,,35.0,Kenya,2024-11-24,2025-01-11,110,3.0,324.01,haircare,Social Media,0.46,0.38
CUST_10754,Male,26.0,UK,2024-01-14,2024-11-07,175,3.0,283.59,Skincare,Social Media,0.08,0.54
CUST_10755,M,30.0,Canada,2024-12-26,2025-02-18,72,0.0,419.08,Skincare,Organic Search,0.25,0.29
CUST_10756,F,37.0,Canada,2023-12-29,2024-11-03,179,3.0,574.05,Makeup,Organic Search,0.1,0.87
CUST_10757,Female,57.0,Nigeria,2024-01-26,2024-06-28,307,4.0,137.87,Haircare,Referral,0.53,1.0
CUST_10758,Female,37.0,Kenya,2023-06-23,2024-11-19,163,4.0,436.04,Wellness,Social Media,0.19,0.63
CUST_10759,,16.0,Kenya,2023-04-30,2024-03-15,412,4.0,77.01,Bodycare,Email,0.26,1.0
CUST_10760,F,39.0,Kenya,2024-09-19,2025-04-19,12,6.0,165.55,Bodycare,Paid Ads,0.41,0.08
CUST_10761,F,33.0,Canada,2023-06-04,2024-12-24,128,2.0,293.25,Wellness,Paid Ads,0.3,0.77
CUST_10762,Female,42.0,USA,2024-04-26,2024-09-06,237,4.0,187.11,Skincare,Email,0.33,0.78
CUST_10763,Female,40.0,Nigeria,2024-05-11,2024-12-31,121,6.0,202.55,Haircare,Organic Search,0.35,0.57
CUST_10764,Male,44.0,UK,2023-06-22,2024-11-23,159,5.0,630.23,Makeup,Organic Search,0.18,0.83
CUST_10765,,33.0,UK,2024-03-02,2024-04-10,386,1.0,139.74,Skincare,Organic Search,0.47,1.0
CUST_10766,F,45.0,USA,2024-02-08,2024-08-17,257,6.0,271.28,Bodycare,Organic Search,0.09,1.0
CUST_10767,M,30.0,Canada,2024-04-09,2025-02-24,66,4.0,100.88,Skincare,Organic Search,0.27,0.4
CUST_10768,,19.0,Kenya,2024-08-05,2024-10-10,203,4.0,127.14,Bodycare,Organic Search,0.29,0.64
CUST_10769,Female,19.0,Nigeria,2024-01-26,2024-03-13,414,3.0,107.89,Wellness,Paid Ads,0.4,1.0
CUST_10770,Male,43.0,Canada,2023-10-19,2024-03-24,403,5.0,230.03,Wellness,Social Media,0.44,1.0
CUST_10771,,40.0,USA,2024-01-12,2024-09-30,213,8.0,83.18,Wellness,Referral,0.14,0.86
CUST_10772,,42.0,Canada,2024-01-13,2024-11-22,160,6.0,258.54,skincare,Social Media,0.42,0.65
CUST_10773,M,36.0,UK,2024-05-22,2025-02-15,75,6.0,289.98,Bodycare,Organic Search,0.3,0.5
CUST_10774,M,20.0,UK,2024-12-01,2025-02-15,75,2.0,235.42,Bodycare,Referral,0.33,0.43
CUST_10775,Female,30.0,Nigeria,2023-04-21,2024-09-24,219,7.0,51.62,Makeup,Social Media,0.05,0.71
CUST_10776,F,38.0,Nigeria,2023-01-17,2023-05-13,719,3.0,223.56,Haircare,Organic Search,0.56,1.0
CUST_10777,Female,39.0,Kenya,2023-11-18,2025-02-25,65,1.0,10.42,Bodycare,Paid Ads,0.52,0.22
CUST_10778,Male,24.0,Nigeria,2023-09-23,2024-01-09,478,6.0,2700.05,Wellness,Paid Ads,0.05,1.0
CUST_10779,M,28.0,Canada,2024-11-04,2025-04-07,24,4.0,28.94,Makeup,Email,0.17,0.09
CUST_10780,F,32.0,UK,2023-01-15,2023-07-29,642,5.0,1733.85,Haircare,Paid Ads,0.33,1.0
CUST_10781,M,37.0,UK,2024-03-22,2025-02-05,85,4.0,314.2,Skincare,Email,0.17,0.36
CUST_10782,Male,28.0,USA,2023-04-30,2023-10-17,562,3.0,706.36,Wellness,Email,0.25,1.0
CUST_10783,Female,43.0,Nigeria,2023-09-06,2024-03-30,397,4.0,108.4,Wellness,Organic Search,0.25,1.0
CUST_10784,Female,32.0,Canada,2024-03-01,2024-11-09,173,3.0,326.13,Makeup,Organic Search,0.55,0.77
CUST_10785,M,21.0,Nigeria,2024-08-28,2025-03-01,61,2.0,256.67,Wellness,Organic Search,0.14,0.31
CUST_10786,,,Nigeria,2023-11-20,2024-01-24,463,6.0,80.64,Wellness,Referral,0.25,1.0
CUST_10787,F,16.0,Canada,2023-01-22,2023-07-06,665,4.0,22.56,Bodycare,Referral,0.3,1.0
CUST_10788,Male,44.0,Kenya,2024-09-08,2025-04-14,17,2.0,424.83,Haircare,Email,0.19,0.12
CUST_10789,M,28.0,Kenya,2024-04-28,2024-07-19,286,6.0,257.2,Skincare,Paid Ads,0.27,1.0
CUST_10790,Male,40.0,Nigeria,2024-05-18,2024-07-08,297,6.0,43.47,Wellness,Paid Ads,0.38,0.91
CUST_10791,,,USA,2024-01-03,2025-03-29,33,6.0,167.4,Haircare,Referral,0.18,0.24
CUST_10792,Female,37.0,Kenya,2024-03-16,2024-05-13,353,2.0,26.95,Haircare,Social Media,0.42,1.0
CUST_10793,F,18.0,Nigeria,2023-10-01,2024-03-03,424,1.0,275.71,Makeup,Organic Search,0.12,1.0
CUST_10794,M,45.0,USA,2023-04-19,2025-01-03,118,5.0,123.85,Skincare,Organic Search,0.07,0.57
CUST_10795,,22.0,USA,2023-07-30,2024-08-03,271,4.0,126.73,Wellness,Email,0.35,0.97
CUST_10796,Female,29.0,Kenya,2023-12-09,2025-01-31,90,1.0,322.16,Wellness,Organic Search,0.06,0.6
CUST_10797,Male,47.0,Canada,2023-12-16,2024-05-10,356,5.0,141.85,Bodycare,Email,0.14,1.0
CUST_10798,F,48.0,UK,2023-06-05,2024-11-28,154,3.0,564.7,Wellness,Email,0.4,0.63
CUST_10799,M,36.0,Nigeria,2024-11-29,2025-03-01,61,6.0,79.59,Skincare,Referral,0.43,0.24
CUST_10800,Female,35.0,Kenya,2024-02-16,2025-03-17,45,3.0,106.8,Skincare,Paid Ads,0.21,0.3
CUST_10801,,33.0,Nigeria,2023-10-30,2025-01-01,120,6.0,566.87,Makeup,Social Media,0.28,0.53
CUST_10802,F,,Kenya,2024-06-24,2024-09-07,236,8.0,100.43,Haircare,Referral,0.23,0.82
CUST_10803,,32.0,Kenya,2024-10-26,2025-02-06,84,3.0,306.95,skincare,Social Media,0.21,0.36
CUST_10804,M,30.0,UK,2024-06-16,2025-03-19,43,3.0,205.87,Makeup,Social Media,0.59,0.22
CUST_10805,Male,,Nigeria,2024-08-29,2024-11-03,179,5.0,35.47,Wellness,Organic Search,0.09,0.69
CUST_10806,Female,45.0,Kenya,2024-10-04,2025-02-10,80,2.0,143.7,Skincare,Referral,0.41,0.54
CUST_10807,Female,33.0,UK,2024-08-18,2024-12-15,137,3.0,217.08,Makeup,Email,0.15,0.71
CUST_10808,,36.0,USA,2023-12-02,2024-06-16,319,2.0,105.54,Skincare,Email,0.36,1.0
CUST_10809,M,44.0,USA,2024-03-11,2024-05-16,350,4.0,413.8,Bodycare,Email,0.12,1.0
CUST_10810,,33.0,Canada,2023-09-28,2025-02-19,71,7.0,166.75,Wellness,Email,0.26,0.42
CUST_10811,Male,34.0,UK,2024-05-11,2024-12-31,121,3.0,171.55,Makeup,Paid Ads,0.42,0.51
CUST_10812,M,23.0,UK,2024-07-26,2025-01-31,90,2.0,382.92,Wellness,Social Media,0.44,0.44
CUST_10813,,32.0,Nigeria,2023-06-06,2023-10-04,575,6.0,323.0,Bodycare,Organic Search,0.59,1.0
CUST_10814,Male,32.0,Nigeria,2024-03-07,2024-03-31,396,3.0,516.28,Bodycare,Email,0.52,1.0
CUST_10815,Female,28.0,Kenya,2023-03-11,2023-04-25,737,4.0,113.57,Makeup,Social Media,0.41,1.0
CUST_10816,M,31.0,Nigeria,2023-05-16,2023-10-04,575,7.0,567.56,Wellness,Paid Ads,0.23,1.0
CUST_10817,F,27.0,Nigeria,2024-11-11,2025-04-19,12,2.0,159.32,Wellness,Organic Search,0.67,0.26
CUST_10818,M,40.0,USA,2023-06-19,2023-07-14,657,9.0,451.19,Bodycare,Organic Search,0.41,1.0
CUST_10819,,24.0,Nigeria,2024-07-08,2025-04-29,2,3.0,78.94,Makeup,Email,0.26,0.19
CUST_10820,,19.0,USA,2024-11-05,2025-03-21,41,5.0,1872.85,Haircare,Referral,0.38,0.35
CUST_10821,M,22.0,Nigeria,2024-09-13,2024-12-04,148,6.0,56.54,Skincare,Paid Ads,0.3,0.69
CUST_10822,M,,Nigeria,2023-11-21,2024-12-16,136,4.0,163.51,Skincare,Social Media,0.1,0.75
CUST_10823,Male,27.0,USA,2023-06-07,2024-04-16,380,5.0,141.17,Skincare,Social Media,0.37,1.0
CUST_10824,Male,,USA,2023-11-02,2024-12-05,147,6.0,318.94,Bodycare,Organic Search,0.4,0.47
CUST_10825,Female,39.0,Nigeria,2024-08-23,2024-10-22,191,1.0,159.34,Wellness,Social Media,0.27,0.68
CUST_10826,Female,36.0,Nigeria,2024-02-21,2024-03-25,402,8.0,361.97,Haircare,Organic Search,0.44,1.0
CUST_10827,F,22.0,Nigeria,2024-11-22,2024-12-17,135,5.0,138.2,Haircare,Email,0.35,0.61
CUST_10828,M,37.0,Nigeria,2023-07-28,2023-12-20,498,5.0,166.76,Haircare,Email,0.5,1.0
CUST_10829,,32.0,USA,2024-04-20,2025-03-03,59,3.0,204.85,Skincare,Email,0.19,0.33
CUST_10830,F,35.0,Canada,2023-12-26,2025-03-01,61,3.0,547.73,Makeup,Paid Ads,0.18,0.51
CUST_10831,,46.0,Kenya,2023-04-02,2024-05-10,356,8.0,195.29,Makeup,Email,0.47,1.0
CUST_10832,Male,16.0,Kenya,2024-11-29,2025-02-24,66,2.0,455.27,Wellness,Social Media,0.15,0.31
CUST_10833,F,35.0,Nigeria,2023-12-03,2023-12-19,499,3.0,405.06,Skincare,Organic Search,0.41,1.0
CUST_10834,Female,19.0,Canada,2024-07-23,2025-03-30,32,9.0,277.72,Skincare,Email,0.42,0.13
CUST_10835,Female,29.0,Canada,2024-09-07,2024-12-07,145,3.0,65.9,Skincare,Social Media,0.2,0.51
CUST_10836,Male,28.0,UK,2023-01-21,2025-03-07,55,8.0,130.64,Bodycare,Referral,0.34,0.35
CUST_10837,F,38.0,UK,2023-08-28,2025-01-14,107,6.0,365.64,Wellness,Referral,0.08,0.35
CUST_10838,Male,,Canada,2023-04-24,2024-02-02,454,3.0,426.77,Makeup,Referral,0.13,1.0
CUST_10839,,26.0,USA,2024-08-25,2024-09-26,217,3.0,146.51,Makeup,Referral,0.45,0.82
CUST_10840,F,33.0,USA,2024-12-10,2025-04-25,6,9.0,545.15,wellness,Email,0.56,0.21
CUST_10841,Female,16.0,Kenya,2024-03-18,2024-10-12,201,6.0,730.0,Wellness,Referral,0.2,0.85
CUST_10842,Female,27.0,UK,2023-02-18,2023-11-29,519,3.0,132.27,bodycare,Paid Ads,0.12,1.0
CUST_10843,F,29.0,Nigeria,2023-01-26,2025-02-19,71,7.0,482.86,Skincare,Paid Ads,0.43,0.38
CUST_10844,Male,37.0,USA,2024-10-03,2025-03-12,50,3.0,278.32,Skincare,Social Media,0.39,0.19
CUST_10845,F,41.0,Canada,2023-09-02,2024-08-15,259,2.0,760.39,Makeup,Organic Search,0.09,0.99
CUST_10846,,44.0,USA,2024-10-02,2025-01-24,97,6.0,118.07,Skincare,Email,0.09,0.56
CUST_10847,F,46.0,USA,2023-05-11,2023-07-13,658,6.0,181.15,Bodycare,Email,0.1,1.0
CUST_10848,Female,28.0,USA,2024-07-26,2024-08-21,253,4.0,251.65,Skincare,Email,0.44,0.76
CUST_10849,Male,28.0,Nigeria,2023-01-11,2024-04-19,377,4.0,125.06,Makeup,Social Media,0.14,1.0
CUST_10850,Female,34.0,Kenya,2024-08-24,2024-10-12,201,6.0,879.9,Skincare,Paid Ads,0.3,0.7
CUST_10851,,16.0,Nigeria,2023-09-20,2024-09-17,226,4.0,467.96,Wellness,Paid Ads,0.07,0.77
CUST_10852,Female,16.0,Kenya,2024-08-21,2024-12-10,142,4.0,146.55,Bodycare,Referral,0.55,0.69
CUST_10853,Male,33.0,Kenya,2024-09-09,2024-12-05,147,6.0,850.44,Makeup,Paid Ads,0.41,0.54
CUST_10854,Female,29.0,Nigeria,2023-02-25,2024-05-02,364,4.0,179.41,Haircare,Social Media,0.09,1.0
CUST_10855,Male,43.0,Canada,2024-09-06,2025-03-02,60,7.0,324.28,Bodycare,Email,0.54,0.32
CUST_10856,F,30.0,Canada,2023-02-13,2024-07-04,301,4.0,1152.05,Haircare,Email,0.27,1.0
CUST_10857,,29.0,Canada,2023-12-06,2024-12-24,128,5.0,10.23,Skincare,Organic Search,0.06,0.52
CUST_10858,F,,USA,2023-05-26,2024-03-18,409,6.0,233.28,bodycare,Organic Search,0.25,1.0
CUST_10859,Male,20.0,UK,2023-08-13,2024-05-07,359,2.0,279.04,Makeup,Paid Ads,0.21,1.0
CUST_10860,Female,36.0,Kenya,2023-04-14,2023-05-05,727,5.0,63.67,Skincare,Paid Ads,0.17,1.0
CUST_10861,F,19.0,Kenya,2024-01-17,2024-12-20,132,4.0,299.31,Makeup,Organic Search,0.1,0.36
CUST_10862,Female,37.0,UK,2023-07-14,2024-01-26,461,3.0,318.75,Bodycare,Paid Ads,0.34,1.0
CUST_10863,Female,23.0,Nigeria,2023-07-13,2025-01-11,110,2.0,50.85,Haircare,Social Media,0.14,0.47
CUST_10864,Male,29.0,Nigeria,2024-05-15,2024-08-30,244,4.0,315.23,Makeup,Referral,0.36,0.89
CUST_10865,M,36.0,Nigeria,2024-01-19,2024-09-30,213,5.0,341.82,Bodycare,Email,0.16,0.82
CUST_10866,M,33.0,Nigeria,2024-02-15,2025-01-06,115,4.0,85.43,Skincare,Paid Ads,0.35,0.6
CUST_10867,M,18.0,Canada,2023-08-12,2024-06-20,315,4.0,196.55,Haircare,Social Media,0.29,1.0
CUST_10868,F,30.0,UK,2023-03-28,2024-01-24,463,1.0,233.55,makeup,Referral,0.42,1.0
CUST_10869,,41.0,Canada,2024-04-23,2024-11-30,152,2.0,35.91,Bodycare,Organic Search,0.26,0.53
CUST_10870,Male,33.0,Kenya,2024-10-22,2024-11-10,172,6.0,73.27,Makeup,Organic Search,0.12,0.63
CUST_10871,F,37.0,USA,2023-05-02,2023-07-14,657,2.0,116.42,Bodycare,Social Media,0.29,1.0
CUST_10872,F,47.0,Kenya,2023-07-15,2025-03-24,38,2.0,240.71,Makeup,Organic Search,0.06,0.26
CUST_10873,F,40.0,Kenya,2024-02-18,2024-09-12,231,5.0,194.11,Skincare,Referral,0.26,0.93
CUST_10874,Male,32.0,UK,2023-08-21,2024-03-22,405,0.0,164.72,Makeup,Email,0.09,1.0
CUST_10875,F,28.0,Kenya,2023-07-12,2024-09-23,220,4.0,313.79,Haircare,Referral,0.23,0.72
CUST_10876,Female,41.0,Nigeria,2023-05-12,2024-03-19,408,3.0,1314.8,Bodycare,Email,0.51,1.0
CUST_10877,M,36.0,Canada,2024-12-08,2025-04-24,7,6.0,79.14,Makeup,Paid Ads,0.52,0.32
CUST_10878,Male,16.0,Kenya,2024-08-04,2025-02-20,70,5.0,358.68,Wellness,Email,0.45,0.42
CUST_10879,Male,40.0,Kenya,2024-08-06,2025-03-25,37,2.0,611.01,Haircare,Referral,0.13,0.1
CUST_10880,Male,,Nigeria,2024-05-15,2024-05-28,338,5.0,476.73,Wellness,Paid Ads,0.36,1.0
CUST_10881,F,39.0,USA,2024-04-10,2024-05-09,357,4.0,1633.75,Bodycare,Email,0.27,1.0
CUST_10882,M,49.0,USA,2023-05-13,2024-11-12,170,5.0,251.56,Wellness,Paid Ads,0.27,0.72
CUST_10883,Male,34.0,Kenya,2024-03-18,2025-03-16,46,3.0,83.27,Makeup,Referral,0.09,0.35
CUST_10884,Male,48.0,Canada,2023-10-10,2024-05-03,363,,399.43,Skincare,Referral,0.38,1.0
CUST_10885,Male,42.0,Nigeria,2024-05-17,2025-01-07,114,6.0,356.51,Skincare,Email,0.34,0.69
CUST_10886,F,33.0,Kenya,2024-02-05,2024-12-14,138,6.0,607.68,Wellness,Referral,0.5,0.56
CUST_10887,M,33.0,UK,2024-12-16,2025-01-09,112,4.0,311.95,Haircare,Paid Ads,0.54,0.49
CUST_10888,F,32.0,Nigeria,2023-10-26,2024-01-02,485,7.0,112.9,Haircare,Email,0.26,1.0
CUST_10889,,16.0,Kenya,2023-03-20,2025-05-01,0,6.0,151.12,Bodycare,Paid Ads,0.26,0.19
CUST_10890,F,41.0,USA,2024-04-18,2024-05-01,365,4.0,279.91,Wellness,Email,0.69,1.0
CUST_10891,Male,33.0,USA,2023-09-14,2024-01-09,478,4.0,122.17,Wellness,Organic Search,0.02,1.0
CUST_10892,Female,38.0,UK,2024-12-31,2025-05-01,0,3.0,251.08,Bodycare,Paid Ads,0.23,0.25
CUST_10893,Female,26.0,UK,2023-10-29,2024-03-04,423,8.0,159.52,Skincare,Organic Search,0.36,1.0
CUST_10894,F,16.0,Kenya,2023-07-02,2024-02-08,448,2.0,334.0,Makeup,Organic Search,0.3,1.0
CUST_10895,,32.0,USA,2024-02-04,2025-01-22,99,4.0,94.59,skincare,Email,0.35,0.29
CUST_10896,Male,38.0,Kenya,2023-09-02,2024-03-24,403,3.0,238.5,Skincare,Paid Ads,0.12,1.0
CUST_10897,Female,23.0,USA,2024-11-11,2024-12-23,129,4.0,308.69,Makeup,Social Media,0.23,0.44
CUST_10898,F,16.0,UK,2024-10-01,2024-11-23,159,4.0,288.11,Wellness,Paid Ads,0.32,0.63
CUST_10899,Female,37.0,UK,2023-01-16,2024-03-02,425,6.0,401.5,Haircare,Organic Search,0.24,1.0
CUST_10900,F,34.0,Kenya,2023-02-14,2023-04-23,739,3.0,739.82,Makeup,Organic Search,0.3,1.0
CUST_10901,,41.0,Nigeria,2023-06-25,2024-03-08,419,6.0,201.56,Wellness,Paid Ads,0.13,1.0
CUST_10902,F,23.0,Kenya,2024-11-13,2025-03-16,46,6.0,112.5,Makeup,Referral,0.2,0.23
CUST_10903,Male,22.0,USA,2023-08-27,2023-09-17,592,1.0,98.23,Bodycare,Email,0.36,1.0
CUST_10904,Male,43.0,USA,2023-05-21,2024-06-07,328,6.0,172.7,Wellness,Organic Search,0.16,1.0
CUST_10905,Male,26.0,Nigeria,2024-03-30,2025-04-12,19,5.0,293.46,Bodycare,Organic Search,0.12,0.23
CUST_10906,,31.0,Canada,2024-10-25,2025-01-06,115,2.0,171.08,Bodycare,Paid Ads,0.31,0.48
CUST_10907,,41.0,UK,2024-12-04,2025-01-29,92,2.0,177.9,Bodycare,Organic Search,0.38,0.41
CUST_10908,Female,45.0,USA,2023-07-17,2023-09-08,601,7.0,343.91,Haircare,Paid Ads,0.25,1.0
CUST_10909,,24.0,UK,2023-08-30,2025-01-30,91,3.0,216.4,Bodycare,Paid Ads,0.15,0.49
CUST_10910,Male,36.0,Nigeria,2023-09-12,2024-07-18,287,6.0,221.57,Haircare,Email,0.18,1.0
CUST_10911,Female,25.0,Kenya,2024-02-12,2024-08-23,251,4.0,431.86,Makeup,Email,0.45,0.86
CUST_10912,Male,38.0,Canada,2023-01-21,2025-03-11,51,6.0,209.69,Bodycare,Paid Ads,0.1,0.21
CUST_10913,,27.0,Kenya,2024-01-25,2024-09-18,225,2.0,137.98,Makeup,Organic Search,0.03,0.75
CUST_10914,F,18.0,Canada,2023-07-20,2023-12-25,493,4.0,2773.65,Makeup,Social Media,0.74,1.0
CUST_10915,M,32.0,Canada,2024-02-09,2025-02-23,67,2.0,213.84,Makeup,Organic Search,0.15,0.26
CUST_10916,Female,38.0,Nigeria,2023-06-16,2023-12-31,487,6.0,75.52,Bodycare,Email,0.28,1.0
CUST_10917,F,32.0,Canada,2024-03-10,2025-03-21,41,4.0,174.55,Bodycare,Organic Search,0.11,0.41
CUST_10918,Male,29.0,Canada,2024-11-28,2025-01-04,117,2.0,115.08,haircare,Organic Search,0.17,0.48
CUST_10919,M,37.0,Nigeria,2023-03-24,2024-09-04,239,5.0,202.85,Haircare,Social Media,0.12,0.83
CUST_10920,F,43.0,Nigeria,2024-11-05,2025-02-10,80,4.0,231.53,Skincare,Referral,0.43,0.52
CUST_10921,F,35.0,Kenya,2023-08-03,2024-09-13,230,3.0,969.2,Haircare,Organic Search,0.22,0.93
CUST_10922,Female,30.0,Canada,2024-06-21,2025-01-20,101,3.0,379.96,Haircare,Paid Ads,0.31,0.53
CUST_10923,Male,33.0,UK,2024-05-29,2024-07-24,281,5.0,279.22,Haircare,Paid Ads,0.23,0.92
CUST_10924,Male,49.0,Canada,2024-03-27,2025-02-10,80,3.0,181.17,Haircare,Organic Search,0.29,0.34
CUST_10925,M,43.0,USA,2023-12-17,2024-01-01,486,4.0,173.76,skincare,Social Media,0.18,1.0
CUST_10926,Female,51.0,USA,2023-04-10,2023-11-12,536,3.0,1336.6499999999999,Makeup,Social Media,0.51,1.0
CUST_10927,M,24.0,Kenya,2024-09-10,2024-12-28,124,2.0,74.37,Bodycare,Paid Ads,0.22,0.51
CUST_10928,F,33.0,Canada,2024-09-17,2024-10-01,212,8.0,47.79,skincare,Email,0.13,0.88
CUST_10929,Male,,USA,2024-06-27,2024-11-17,165,6.0,26.76,Haircare,Referral,0.31,0.56
CUST_10930,M,29.0,UK,2023-01-04,2024-10-18,195,6.0,412.7,Skincare,Organic Search,0.21,0.7
CUST_10931,F,18.0,UK,2024-09-13,2025-01-15,106,5.0,78.33,Skincare,Email,0.27,0.39
CUST_10932,Female,34.0,Kenya,2024-09-13,2024-11-01,181,4.0,161.57,Makeup,Referral,0.75,0.82
CUST_10933,Female,38.0,USA,2023-11-05,2025-02-25,65,1.0,134.53,Skincare,Referral,0.66,0.42
CUST_10934,Male,20.0,UK,2024-11-06,2024-11-28,154,2.0,108.09,Skincare,Social Media,0.18,0.5
CUST_10935,M,46.0,UK,2023-09-21,2025-01-20,101,5.0,99.24,Haircare,Email,0.21,0.43
CUST_10936,Female,34.0,Kenya,2023-08-18,2025-03-29,33,4.0,260.9,Bodycare,Email,0.53,0.4
CUST_10937,,25.0,Canada,2023-08-27,2024-04-11,385,6.0,162.85,Skincare,Referral,0.34,1.0
CUST_10938,Male,43.0,USA,2024-08-09,2025-02-13,77,1.0,158.95,Wellness,Organic Search,0.3,0.5
CUST_10939,F,56.0,Nigeria,2023-07-14,2024-08-14,260,3.0,47.33,Bodycare,Paid Ads,0.43,1.0
CUST_10940,,24.0,Nigeria,2023-08-16,2023-12-03,515,7.0,237.15,Wellness,Social Media,0.58,1.0
CUST_10941,Male,24.0,Canada,2023-05-31,2025-02-04,86,3.0,214.36,Skincare,Social Media,0.39,0.69
CUST_10942,,40.0,USA,2023-10-08,2025-02-08,82,2.0,377.85,Bodycare,Email,0.21,0.53
CUST_10943,Female,33.0,Kenya,2023-06-06,2024-01-07,480,3.0,173.44,Haircare,Organic Search,0.6,1.0
CUST_10944,Male,36.0,Canada,2023-11-03,2024-04-14,382,3.0,275.75,Bodycare,Email,0.5,1.0
CUST_10945,F,16.0,Canada,2023-03-15,2024-09-05,238,4.0,156.65,Haircare,Referral,0.2,0.68
CUST_10946,M,17.0,Kenya,2024-08-17,2024-09-13,230,4.0,25.52,Wellness,Referral,0.21,0.81
CUST_10947,Male,16.0,Canada,2023-10-26,2024-03-22,405,3.0,316.22,Haircare,Organic Search,0.19,1.0
CUST_10948,F,30.0,Nigeria,2023-04-15,2025-03-09,53,3.0,406.48,Wellness,Email,0.23,0.5
CUST_10949,Male,21.0,USA,2023-12-31,2024-08-29,245,4.0,194.99,Makeup,Referral,0.13,0.87
CUST_10950,M,16.0,Canada,2023-09-08,2023-10-12,567,5.0,176.22,Bodycare,Paid Ads,0.33,1.0
CUST_10951,M,22.0,USA,2024-04-19,2025-03-17,45,7.0,251.15,Wellness,Organic Search,0.44,0.2
CUST_10952,Female,27.0,Canada,2024-10-18,2025-04-07,24,2.0,558.31,Makeup,Referral,0.63,0.22
CUST_10953,M,30.0,USA,2024-08-30,2024-10-15,198,1.0,226.98,Wellness,Paid Ads,0.23,0.55
CUST_10954,Female,27.0,Nigeria,2023-07-09,2024-08-27,247,8.0,964.0,Makeup,Referral,0.43,0.77
CUST_10955,M,30.0,Nigeria,2024-07-05,2024-09-06,237,4.0,235.18,Skincare,Referral,0.13,0.74
CUST_10956,Male,,Canada,2023-11-18,2024-03-22,405,2.0,246.94,Haircare,Social Media,0.08,1.0
CUST_10957,Female,25.0,USA,2024-06-02,2024-11-01,181,6.0,111.54,Wellness,Organic Search,0.12,0.66
CUST_10958,Male,29.0,Nigeria,2023-10-28,2025-04-26,5,3.0,93.75,Bodycare,Social Media,0.47,0.14
CUST_10959,,16.0,UK,2024-12-05,2024-12-30,122,3.0,349.06,Skincare,Social Media,0.16,0.46
CUST_10960,Male,37.0,Nigeria,2024-07-19,2024-11-06,176,11.0,56.03,Makeup,Referral,0.17,0.71
CUST_10961,F,21.0,UK,2024-02-14,2024-10-04,209,10.0,358.63,Wellness,Paid Ads,0.49,0.68
CUST_10962,,21.0,Kenya,2024-10-10,2025-04-06,25,2.0,88.06,Makeup,Referral,0.19,0.1
CUST_10963,,31.0,UK,2023-11-20,2025-02-06,84,4.0,188.24,Haircare,Organic Search,0.03,0.47
CUST_10964,,33.0,Nigeria,2024-02-21,2024-03-25,402,5.0,162.74,Bodycare,Paid Ads,0.06,1.0
CUST_10965,Male,34.0,USA,2024-01-22,2024-05-14,352,4.0,75.79,Skincare,Social Media,0.01,1.0
CUST_10966,,28.0,Canada,2023-04-08,2024-09-30,213,7.0,361.27,Bodycare,Referral,0.6,0.81
CUST_10967,Female,31.0,UK,2023-11-22,2024-12-24,128,3.0,316.47,Makeup,Email,0.49,0.59
CUST_10968,M,30.0,Kenya,2023-01-10,2024-12-13,139,5.0,340.69,Haircare,Referral,0.16,0.54
CUST_10969,F,37.0,Kenya,2024-12-25,2025-02-26,64,6.0,247.92,Wellness,Social Media,0.27,0.26
CUST_10970,M,35.0,Kenya,2024-03-14,2024-12-05,147,4.0,443.96,Haircare,Organic Search,0.35,0.56
CUST_10971,F,24.0,Kenya,2023-04-03,2025-01-11,110,2.0,424.8,Skincare,Organic Search,0.18,0.37
CUST_10972,Female,23.0,Nigeria,2024-05-19,2024-05-24,342,3.0,49.42,Makeup,Paid Ads,0.26,1.0
CUST_10973,M,16.0,Nigeria,2024-12-15,2025-01-15,106,0.0,396.05,Skincare,Referral,0.21,0.51
CUST_10974,F,24.0,Nigeria,2024-12-01,2024-12-11,141,5.0,520.81,Makeup,Paid Ads,0.19,0.8
CUST_10975,Female,30.0,UK,2024-06-10,2024-12-07,145,7.0,338.94,Wellness,Organic Search,0.13,0.42
CUST_10976,F,42.0,UK,2024-07-06,2024-09-04,239,1.0,468.6,Bodycare,Referral,0.13,0.9
CUST_10977,M,38.0,Kenya,2024-10-20,2025-02-28,62,1.0,8.92,Wellness,Email,0.16,0.25
CUST_10978,Female,47.0,Nigeria,2024-04-16,2024-10-01,212,6.0,202.53,Bodycare,Paid Ads,0.25,0.72
CUST_10979,M,18.0,USA,2024-03-17,2024-11-23,159,4.0,230.23,Haircare,Email,0.62,0.62
CUST_10980,Female,18.0,Kenya,2023-08-20,2024-12-13,139,2.0,305.34,Wellness,Referral,0.23,0.75
CUST_10981,F,38.0,Canada,2024-11-03,2025-02-23,67,5.0,252.74,wellness,Paid Ads,0.44,0.26
CUST_10982,Female,36.0,USA,2023-05-17,2024-06-24,311,3.0,209.42,Skincare,Paid Ads,0.15,0.94
CUST_10983,M,25.0,Kenya,2023-05-02,2024-07-06,299,2.0,257.88,Haircare,Email,0.33,0.98
CUST_10984,,30.0,Canada,2023-05-15,2023-09-04,605,6.0,509.62,Haircare,Referral,0.4,1.0
CUST_10985,Female,20.0,UK,2023-02-23,2025-01-17,104,5.0,153.79,Makeup,Email,0.36,0.29
CUST_10986,M,29.0,Canada,2023-03-26,2024-06-07,328,4.0,399.19,Makeup,Social Media,0.27,0.93
CUST_10987,Female,27.0,UK,2024-11-13,2025-03-02,60,5.0,164.58,Skincare,Referral,0.59,0.5
CUST_10988,,31.0,Nigeria,2024-10-06,2025-03-17,45,1.0,278.14,wellness,Paid Ads,0.12,0.32
CUST_10989,Male,36.0,Nigeria,2023-07-24,2023-10-25,554,4.0,286.93,Makeup,Paid Ads,0.16,1.0
CUST_10990,Male,25.0,Canada,2023-03-04,2024-08-07,267,7.0,86.45,Skincare,Social Media,0.36,0.75
CUST_10991,F,33.0,UK,2023-11-24,2024-01-11,476,4.0,1103.15,Bodycare,Email,0.47,1.0
CUST_10992,F,31.0,USA,2024-03-17,2024-06-19,316,1.0,459.46,Bodycare,Organic Search,0.31,1.0
CUST_10993,Female,32.0,UK,2023-12-06,2024-12-09,143,3.0,24.95,Makeup,Social Media,0.41,0.62
CUST_10994,Male,40.0,UK,2024-08-21,2024-11-27,155,4.0,264.28,Makeup,Referral,0.27,0.68
CUST_10995,Male,50.0,Canada,2023-04-12,2023-06-27,674,2.0,201.77,Bodycare,Paid Ads,0.61,1.0
CUST_10996,,24.0,USA,2023-05-11,2023-11-23,525,5.0,443.42,Makeup,Social Media,0.75,1.0
CUST_10997,M,24.0,USA,2024-03-22,2024-04-25,371,6.0,76.8,Makeup,Paid Ads,0.11,1.0
CUST_10998,,28.0,UK,2023-10-24,2023-12-09,509,2.0,375.94,Haircare,Email,0.29,1.0
CUST_10999,M,40.0,Nigeria,2023-03-18,2023-09-03,606,4.0,206.9,Makeup,Email,0.05,1.0
CUST_10521,M,26.0,Canada,2024-07-18,2024-10-04,209,2.0,120.72,Bodycare,Referral,0.2,0.81
CUST_10737,Female,39.0,Nigeria,2024-06-21,2024-10-27,186,1.0,405.03,Makeup,Social Media,0.09,0.72
CUST_10740,M,33.0,Kenya,2023-05-29,2024-06-03,332,4.0,94.5,bodycare,Referral,0.36,1.0
CUST_10660,Male,31.0,Nigeria,2023-08-16,2025-04-12,19,2.0,82.6,Skincare,Organic Search,0.38,0.31
CUST_10411,Female,51.0,USA,2024-07-20,2025-02-26,64,5.0,121.43,Makeup,Paid Ads,0.57,0.36
CUST_10678,F,43.0,Canada,2023-09-24,2024-10-06,207,3.0,286.31,Skincare,Social Media,0.49,0.68
CUST_10626,Female,26.0,USA,2024-02-26,2024-04-16,380,4.0,164.66,Bodycare,Social Media,0.3,1.0
CUST_10513,M,33.0,UK,2024-01-05,2025-04-03,28,6.0,154.56,Skincare,Email,0.47,0.32
CUST_10859,Male,20.0,UK,2023-08-13,2024-05-07,359,2.0,279.04,Makeup,Paid Ads,0.21,1.0
CUST_10136,Male,37.0,Kenya,2023-03-15,2024-04-24,372,4.0,147.7,Skincare,Organic Search,0.49,1.0
